ISO-10303-21;
HEADER;
FILE_DESCRIPTION(('Open CASCADE Model'),'2;1');
FILE_NAME('Open CASCADE Shape Model','2026-09-23T02:37:02',('Author'),(
    'Open CASCADE'),'Open CASCADE STEP processor 7.9','Open CASCADE 7.9'
  ,'Unknown');
FILE_SCHEMA(('AUTOMOTIVE_DESIGN { 1 0 10303 214 1 1 1 1 }'));
ENDSEC;
DATA;
#1 = APPLICATION_PROTOCOL_DEFINITION('international standard',
  'automotive_design',2000,#2);
#2 = APPLICATION_CONTEXT(
  'core data for automotive mechanical design processes');
#3 = SHAPE_DEFINITION_REPRESENTATION(#4,#10);
#4 = PRODUCT_DEFINITION_SHAPE('','',#5);
#5 = PRODUCT_DEFINITION('design','',#6,#9);
#6 = PRODUCT_DEFINITION_FORMATION('','',#7);
#7 = PRODUCT('Open CASCADE STEP translator 7.9 1',
  'Open CASCADE STEP translator 7.9 1','',(#8));
#8 = PRODUCT_CONTEXT('',#2,'mechanical');
#9 = PRODUCT_DEFINITION_CONTEXT('part definition',#2,'design');
#10 = ADVANCED_BREP_SHAPE_REPRESENTATION('',(#11,#15),#3028);
#11 = AXIS2_PLACEMENT_3D('',#12,#13,#14);
#12 = CARTESIAN_POINT('',(0.,0.,0.));
#13 = DIRECTION('',(0.,0.,1.));
#14 = DIRECTION('',(1.,0.,-0.));
#15 = MANIFOLD_SOLID_BREP('',#16);
#16 = CLOSED_SHELL('',(#17,#130,#160,#192,#862,#917,#972,#1027,#1082,
    #1137,#1192,#1247,#1302,#1357,#1412,#1467,#1522,#1577,#1632,#1687,
    #1742,#1797,#1852,#1907,#1962,#2017,#2072,#2127,#2182,#2237,#2292,
    #2347,#2402,#2457,#2512,#2567,#2622,#2677,#2732,#2787,#2842,#2897,
    #2952,#2956,#2960,#2964,#2968,#2972,#2976,#2980,#2984,#2988,#2992,
    #2996,#3000,#3004,#3008,#3012,#3016,#3020,#3024));
#17 = ADVANCED_FACE('',(#18),#33,.T.);
#18 = FACE_BOUND('',#19,.F.);
#19 = EDGE_LOOP('',(#20,#56,#82,#111));
#20 = ORIENTED_EDGE('',*,*,#21,.F.);
#21 = EDGE_CURVE('',#22,#24,#26,.T.);
#22 = VERTEX_POINT('',#23);
#23 = CARTESIAN_POINT('',(41.488636363636,6.533992094114,0.));
#24 = VERTEX_POINT('',#25);
#25 = CARTESIAN_POINT('',(41.488636363636,-6.533992094114,0.));
#26 = SURFACE_CURVE('',#27,(#32,#44),.PCURVE_S1.);
#27 = CIRCLE('',#28,42.);
#28 = AXIS2_PLACEMENT_3D('',#29,#30,#31);
#29 = CARTESIAN_POINT('',(0.,0.,0.));
#30 = DIRECTION('',(0.,0.,1.));
#31 = DIRECTION('',(1.,0.,0.));
#32 = PCURVE('',#33,#38);
#33 = CYLINDRICAL_SURFACE('',#34,42.);
#34 = AXIS2_PLACEMENT_3D('',#35,#36,#37);
#35 = CARTESIAN_POINT('',(0.,0.,0.));
#36 = DIRECTION('',(-0.,-0.,-1.));
#37 = DIRECTION('',(1.,0.,0.));
#38 = DEFINITIONAL_REPRESENTATION('',(#39),#43);
#39 = LINE('',#40,#41);
#40 = CARTESIAN_POINT('',(-0.,0.));
#41 = VECTOR('',#42,1.);
#42 = DIRECTION('',(-1.,0.));
#43 = ( GEOMETRIC_REPRESENTATION_CONTEXT(2) 
PARAMETRIC_REPRESENTATION_CONTEXT() REPRESENTATION_CONTEXT('2D SPACE',''
  ) );
#44 = PCURVE('',#45,#50);
#45 = PLANE('',#46);
#46 = AXIS2_PLACEMENT_3D('',#47,#48,#49);
#47 = CARTESIAN_POINT('',(-2.083718297203E-15,3.692127783966E-16,0.));
#48 = DIRECTION('',(0.,0.,1.));
#49 = DIRECTION('',(1.,0.,-0.));
#50 = DEFINITIONAL_REPRESENTATION('',(#51),#55);
#51 = CIRCLE('',#52,42.);
#52 = AXIS2_PLACEMENT_2D('',#53,#54);
#53 = CARTESIAN_POINT('',(2.083718297203E-15,-3.692127783966E-16));
#54 = DIRECTION('',(1.,0.));
#55 = ( GEOMETRIC_REPRESENTATION_CONTEXT(2) 
PARAMETRIC_REPRESENTATION_CONTEXT() REPRESENTATION_CONTEXT('2D SPACE',''
  ) );
#56 = ORIENTED_EDGE('',*,*,#57,.F.);
#57 = EDGE_CURVE('',#58,#22,#60,.T.);
#58 = VERTEX_POINT('',#59);
#59 = CARTESIAN_POINT('',(41.488636363636,6.533992094114,9.2));
#60 = SURFACE_CURVE('',#61,(#65,#71),.PCURVE_S1.);
#61 = LINE('',#62,#63);
#62 = CARTESIAN_POINT('',(41.488636363636,6.533992094114,0.));
#63 = VECTOR('',#64,1.);
#64 = DIRECTION('',(-0.,-0.,-1.));
#65 = PCURVE('',#33,#66);
#66 = DEFINITIONAL_REPRESENTATION('',(#67),#70);
#67 = B_SPLINE_CURVE_WITH_KNOTS('',1,(#68,#69),.UNSPECIFIED.,.F.,.F.,(2,
    2),(-9.2000006,6.E-07),.PIECEWISE_BEZIER_KNOTS.);
#68 = CARTESIAN_POINT('',(-0.156205708142,-9.2000006));
#69 = CARTESIAN_POINT('',(-0.156205708142,6.E-07));
#70 = ( GEOMETRIC_REPRESENTATION_CONTEXT(2) 
PARAMETRIC_REPRESENTATION_CONTEXT() REPRESENTATION_CONTEXT('2D SPACE',''
  ) );
#71 = PCURVE('',#72,#77);
#72 = CYLINDRICAL_SURFACE('',#73,7.);
#73 = AXIS2_PLACEMENT_3D('',#74,#75,#76);
#74 = CARTESIAN_POINT('',(44.,0.,-1.));
#75 = DIRECTION('',(-0.,-0.,-1.));
#76 = DIRECTION('',(1.,0.,0.));
#77 = DEFINITIONAL_REPRESENTATION('',(#78),#81);
#78 = B_SPLINE_CURVE_WITH_KNOTS('',1,(#79,#80),.UNSPECIFIED.,.F.,.F.,(2,
    2),(-9.2000006,6.E-07),.PIECEWISE_BEZIER_KNOTS.);
#79 = CARTESIAN_POINT('',(-1.937742124814,-10.2000006));
#80 = CARTESIAN_POINT('',(-1.937742124814,-0.9999994));
#81 = ( GEOMETRIC_REPRESENTATION_CONTEXT(2) 
PARAMETRIC_REPRESENTATION_CONTEXT() REPRESENTATION_CONTEXT('2D SPACE',''
  ) );
#82 = ORIENTED_EDGE('',*,*,#83,.T.);
#83 = EDGE_CURVE('',#58,#84,#86,.T.);
#84 = VERTEX_POINT('',#85);
#85 = CARTESIAN_POINT('',(41.488636363636,-6.533992094114,9.2));
#86 = SURFACE_CURVE('',#87,(#92,#99),.PCURVE_S1.);
#87 = CIRCLE('',#88,42.);
#88 = AXIS2_PLACEMENT_3D('',#89,#90,#91);
#89 = CARTESIAN_POINT('',(0.,0.,9.2));
#90 = DIRECTION('',(0.,0.,1.));
#91 = DIRECTION('',(1.,0.,0.));
#92 = PCURVE('',#33,#93);
#93 = DEFINITIONAL_REPRESENTATION('',(#94),#98);
#94 = LINE('',#95,#96);
#95 = CARTESIAN_POINT('',(-0.,-9.2));
#96 = VECTOR('',#97,1.);
#97 = DIRECTION('',(-1.,0.));
#98 = ( GEOMETRIC_REPRESENTATION_CONTEXT(2) 
PARAMETRIC_REPRESENTATION_CONTEXT() REPRESENTATION_CONTEXT('2D SPACE',''
  ) );
#99 = PCURVE('',#100,#105);
#100 = PLANE('',#101);
#101 = AXIS2_PLACEMENT_3D('',#102,#103,#104);
#102 = CARTESIAN_POINT('',(-2.083718297203E-15,3.692127783966E-16,9.2));
#103 = DIRECTION('',(0.,0.,1.));
#104 = DIRECTION('',(1.,0.,-0.));
#105 = DEFINITIONAL_REPRESENTATION('',(#106),#110);
#106 = CIRCLE('',#107,42.);
#107 = AXIS2_PLACEMENT_2D('',#108,#109);
#108 = CARTESIAN_POINT('',(2.083718297203E-15,-3.692127783966E-16));
#109 = DIRECTION('',(1.,0.));
#110 = ( GEOMETRIC_REPRESENTATION_CONTEXT(2) 
PARAMETRIC_REPRESENTATION_CONTEXT() REPRESENTATION_CONTEXT('2D SPACE',''
  ) );
#111 = ORIENTED_EDGE('',*,*,#112,.T.);
#112 = EDGE_CURVE('',#84,#24,#113,.T.);
#113 = SURFACE_CURVE('',#114,(#118,#124),.PCURVE_S1.);
#114 = LINE('',#115,#116);
#115 = CARTESIAN_POINT('',(41.488636363636,-6.533992094114,0.));
#116 = VECTOR('',#117,1.);
#117 = DIRECTION('',(-0.,-0.,-1.));
#118 = PCURVE('',#33,#119);
#119 = DEFINITIONAL_REPRESENTATION('',(#120),#123);
#120 = B_SPLINE_CURVE_WITH_KNOTS('',1,(#121,#122),.UNSPECIFIED.,.F.,.F.,
  (2,2),(-9.2000006,6.E-07),.PIECEWISE_BEZIER_KNOTS.);
#121 = CARTESIAN_POINT('',(-6.126979599037,-9.2000006));
#122 = CARTESIAN_POINT('',(-6.126979599037,6.E-07));
#123 = ( GEOMETRIC_REPRESENTATION_CONTEXT(2) 
PARAMETRIC_REPRESENTATION_CONTEXT() REPRESENTATION_CONTEXT('2D SPACE',''
  ) );
#124 = PCURVE('',#72,#125);
#125 = DEFINITIONAL_REPRESENTATION('',(#126),#129);
#126 = B_SPLINE_CURVE_WITH_KNOTS('',1,(#127,#128),.UNSPECIFIED.,.F.,.F.,
  (2,2),(-9.2000006,6.E-07),.PIECEWISE_BEZIER_KNOTS.);
#127 = CARTESIAN_POINT('',(-4.345443182365,-10.2000006));
#128 = CARTESIAN_POINT('',(-4.345443182365,-0.9999994));
#129 = ( GEOMETRIC_REPRESENTATION_CONTEXT(2) 
PARAMETRIC_REPRESENTATION_CONTEXT() REPRESENTATION_CONTEXT('2D SPACE',''
  ) );
#130 = ADVANCED_FACE('',(#131),#45,.F.);
#131 = FACE_BOUND('',#132,.F.);
#132 = EDGE_LOOP('',(#133,#159));
#133 = ORIENTED_EDGE('',*,*,#134,.T.);
#134 = EDGE_CURVE('',#24,#22,#135,.T.);
#135 = SURFACE_CURVE('',#136,(#141,#152),.PCURVE_S1.);
#136 = CIRCLE('',#137,7.);
#137 = AXIS2_PLACEMENT_3D('',#138,#139,#140);
#138 = CARTESIAN_POINT('',(44.,0.,0.));
#139 = DIRECTION('',(0.,0.,-1.));
#140 = DIRECTION('',(1.,0.,0.));
#141 = PCURVE('',#45,#142);
#142 = DEFINITIONAL_REPRESENTATION('',(#143),#151);
#143 = ( BOUNDED_CURVE() B_SPLINE_CURVE(2,(#144,#145,#146,#147,#148,#149
,#150),.UNSPECIFIED.,.T.,.F.) B_SPLINE_CURVE_WITH_KNOTS((1,2,2,2,2,1),(
    -2.094395102393,0.,2.094395102393,4.188790204786,6.28318530718,
8.377580409573),.UNSPECIFIED.) CURVE() GEOMETRIC_REPRESENTATION_ITEM() 
RATIONAL_B_SPLINE_CURVE((1.,0.5,1.,0.5,1.,0.5,1.)) REPRESENTATION_ITEM(
  '') );
#144 = CARTESIAN_POINT('',(51.,-3.692127783966E-16));
#145 = CARTESIAN_POINT('',(51.,-12.12435565298));
#146 = CARTESIAN_POINT('',(40.5,-6.062177826491));
#147 = CARTESIAN_POINT('',(30.,-2.083718297203E-15));
#148 = CARTESIAN_POINT('',(40.5,6.062177826491));
#149 = CARTESIAN_POINT('',(51.,12.124355652982));
#150 = CARTESIAN_POINT('',(51.,-3.692127783966E-16));
#151 = ( GEOMETRIC_REPRESENTATION_CONTEXT(2) 
PARAMETRIC_REPRESENTATION_CONTEXT() REPRESENTATION_CONTEXT('2D SPACE',''
  ) );
#152 = PCURVE('',#72,#153);
#153 = DEFINITIONAL_REPRESENTATION('',(#154),#158);
#154 = LINE('',#155,#156);
#155 = CARTESIAN_POINT('',(-6.28318530718,-1.));
#156 = VECTOR('',#157,1.);
#157 = DIRECTION('',(1.,-0.));
#158 = ( GEOMETRIC_REPRESENTATION_CONTEXT(2) 
PARAMETRIC_REPRESENTATION_CONTEXT() REPRESENTATION_CONTEXT('2D SPACE',''
  ) );
#159 = ORIENTED_EDGE('',*,*,#21,.T.);
#160 = ADVANCED_FACE('',(#161),#72,.F.);
#161 = FACE_BOUND('',#162,.T.);
#162 = EDGE_LOOP('',(#163,#164,#190,#191));
#163 = ORIENTED_EDGE('',*,*,#57,.F.);
#164 = ORIENTED_EDGE('',*,*,#165,.F.);
#165 = EDGE_CURVE('',#84,#58,#166,.T.);
#166 = SURFACE_CURVE('',#167,(#172,#179),.PCURVE_S1.);
#167 = CIRCLE('',#168,7.);
#168 = AXIS2_PLACEMENT_3D('',#169,#170,#171);
#169 = CARTESIAN_POINT('',(44.,0.,9.2));
#170 = DIRECTION('',(0.,0.,-1.));
#171 = DIRECTION('',(1.,0.,0.));
#172 = PCURVE('',#72,#173);
#173 = DEFINITIONAL_REPRESENTATION('',(#174),#178);
#174 = LINE('',#175,#176);
#175 = CARTESIAN_POINT('',(-6.28318530718,-10.2));
#176 = VECTOR('',#177,1.);
#177 = DIRECTION('',(1.,-0.));
#178 = ( GEOMETRIC_REPRESENTATION_CONTEXT(2) 
PARAMETRIC_REPRESENTATION_CONTEXT() REPRESENTATION_CONTEXT('2D SPACE',''
  ) );
#179 = PCURVE('',#100,#180);
#180 = DEFINITIONAL_REPRESENTATION('',(#181),#189);
#181 = ( BOUNDED_CURVE() B_SPLINE_CURVE(2,(#182,#183,#184,#185,#186,#187
,#188),.UNSPECIFIED.,.T.,.F.) B_SPLINE_CURVE_WITH_KNOTS((1,2,2,2,2,1),(
    -2.094395102393,0.,2.094395102393,4.188790204786,6.28318530718,
8.377580409573),.UNSPECIFIED.) CURVE() GEOMETRIC_REPRESENTATION_ITEM() 
RATIONAL_B_SPLINE_CURVE((1.,0.5,1.,0.5,1.,0.5,1.)) REPRESENTATION_ITEM(
  '') );
#182 = CARTESIAN_POINT('',(51.,-3.692127783966E-16));
#183 = CARTESIAN_POINT('',(51.,-12.12435565298));
#184 = CARTESIAN_POINT('',(40.5,-6.062177826491));
#185 = CARTESIAN_POINT('',(30.,-2.083718297203E-15));
#186 = CARTESIAN_POINT('',(40.5,6.062177826491));
#187 = CARTESIAN_POINT('',(51.,12.124355652982));
#188 = CARTESIAN_POINT('',(51.,-3.692127783966E-16));
#189 = ( GEOMETRIC_REPRESENTATION_CONTEXT(2) 
PARAMETRIC_REPRESENTATION_CONTEXT() REPRESENTATION_CONTEXT('2D SPACE',''
  ) );
#190 = ORIENTED_EDGE('',*,*,#112,.T.);
#191 = ORIENTED_EDGE('',*,*,#134,.T.);
#192 = ADVANCED_FACE('',(#193,#197,#232,#267,#302,#337,#372,#407,#442,
    #477,#512,#547,#582,#617,#652,#687,#722,#757,#792,#827),#100,.T.);
#193 = FACE_BOUND('',#194,.T.);
#194 = EDGE_LOOP('',(#195,#196));
#195 = ORIENTED_EDGE('',*,*,#165,.T.);
#196 = ORIENTED_EDGE('',*,*,#83,.T.);
#197 = FACE_BOUND('',#198,.T.);
#198 = EDGE_LOOP('',(#199));
#199 = ORIENTED_EDGE('',*,*,#200,.T.);
#200 = EDGE_CURVE('',#201,#201,#203,.T.);
#201 = VERTEX_POINT('',#202);
#202 = CARTESIAN_POINT('',(-17.55,-25.98076211353,9.2));
#203 = SURFACE_CURVE('',#204,(#209,#220),.PCURVE_S1.);
#204 = CIRCLE('',#205,2.55);
#205 = AXIS2_PLACEMENT_3D('',#206,#207,#208);
#206 = CARTESIAN_POINT('',(-15.,-25.98076211353,9.2));
#207 = DIRECTION('',(0.,0.,-1.));
#208 = DIRECTION('',(-1.,0.,0.));
#209 = PCURVE('',#100,#210);
#210 = DEFINITIONAL_REPRESENTATION('',(#211),#219);
#211 = ( BOUNDED_CURVE() B_SPLINE_CURVE(2,(#212,#213,#214,#215,#216,#217
,#218),.UNSPECIFIED.,.T.,.F.) B_SPLINE_CURVE_WITH_KNOTS((1,2,2,2,2,1),(
    -2.094395102393,0.,2.094395102393,4.188790204786,6.28318530718,
8.377580409573),.UNSPECIFIED.) CURVE() GEOMETRIC_REPRESENTATION_ITEM() 
RATIONAL_B_SPLINE_CURVE((1.,0.5,1.,0.5,1.,0.5,1.)) REPRESENTATION_ITEM(
  '') );
#212 = CARTESIAN_POINT('',(-17.55,-25.98076211353));
#213 = CARTESIAN_POINT('',(-17.55,-21.56403255423));
#214 = CARTESIAN_POINT('',(-13.725,-23.77239733388));
#215 = CARTESIAN_POINT('',(-9.9,-25.98076211353));
#216 = CARTESIAN_POINT('',(-13.725,-28.18912689318));
#217 = CARTESIAN_POINT('',(-17.55,-30.39749167283));
#218 = CARTESIAN_POINT('',(-17.55,-25.98076211353));
#219 = ( GEOMETRIC_REPRESENTATION_CONTEXT(2) 
PARAMETRIC_REPRESENTATION_CONTEXT() REPRESENTATION_CONTEXT('2D SPACE',''
  ) );
#220 = PCURVE('',#221,#226);
#221 = CONICAL_SURFACE('',#222,2.55,0.785398163397);
#222 = AXIS2_PLACEMENT_3D('',#223,#224,#225);
#223 = CARTESIAN_POINT('',(-15.,-25.98076211353,9.2));
#224 = DIRECTION('',(0.,0.,1.));
#225 = DIRECTION('',(-1.,0.,0.));
#226 = DEFINITIONAL_REPRESENTATION('',(#227),#231);
#227 = LINE('',#228,#229);
#228 = CARTESIAN_POINT('',(-0.,-0.));
#229 = VECTOR('',#230,1.);
#230 = DIRECTION('',(-1.,-0.));
#231 = ( GEOMETRIC_REPRESENTATION_CONTEXT(2) 
PARAMETRIC_REPRESENTATION_CONTEXT() REPRESENTATION_CONTEXT('2D SPACE',''
  ) );
#232 = FACE_BOUND('',#233,.T.);
#233 = EDGE_LOOP('',(#234));
#234 = ORIENTED_EDGE('',*,*,#235,.T.);
#235 = EDGE_CURVE('',#236,#236,#238,.T.);
#236 = VERTEX_POINT('',#237);
#237 = CARTESIAN_POINT('',(-25.05,-12.99038105676,9.2));
#238 = SURFACE_CURVE('',#239,(#244,#255),.PCURVE_S1.);
#239 = CIRCLE('',#240,2.55);
#240 = AXIS2_PLACEMENT_3D('',#241,#242,#243);
#241 = CARTESIAN_POINT('',(-22.5,-12.99038105676,9.2));
#242 = DIRECTION('',(0.,0.,-1.));
#243 = DIRECTION('',(-1.,0.,0.));
#244 = PCURVE('',#100,#245);
#245 = DEFINITIONAL_REPRESENTATION('',(#246),#254);
#246 = ( BOUNDED_CURVE() B_SPLINE_CURVE(2,(#247,#248,#249,#250,#251,#252
,#253),.UNSPECIFIED.,.T.,.F.) B_SPLINE_CURVE_WITH_KNOTS((1,2,2,2,2,1),(
    -2.094395102393,0.,2.094395102393,4.188790204786,6.28318530718,
8.377580409573),.UNSPECIFIED.) CURVE() GEOMETRIC_REPRESENTATION_ITEM() 
RATIONAL_B_SPLINE_CURVE((1.,0.5,1.,0.5,1.,0.5,1.)) REPRESENTATION_ITEM(
  '') );
#247 = CARTESIAN_POINT('',(-25.05,-12.99038105676));
#248 = CARTESIAN_POINT('',(-25.05,-8.573651497466));
#249 = CARTESIAN_POINT('',(-21.225,-10.78201627711));
#250 = CARTESIAN_POINT('',(-17.4,-12.99038105676));
#251 = CARTESIAN_POINT('',(-21.225,-15.19874583641));
#252 = CARTESIAN_POINT('',(-25.05,-17.40711061606));
#253 = CARTESIAN_POINT('',(-25.05,-12.99038105676));
#254 = ( GEOMETRIC_REPRESENTATION_CONTEXT(2) 
PARAMETRIC_REPRESENTATION_CONTEXT() REPRESENTATION_CONTEXT('2D SPACE',''
  ) );
#255 = PCURVE('',#256,#261);
#256 = CONICAL_SURFACE('',#257,2.55,0.785398163397);
#257 = AXIS2_PLACEMENT_3D('',#258,#259,#260);
#258 = CARTESIAN_POINT('',(-22.5,-12.99038105676,9.2));
#259 = DIRECTION('',(0.,0.,1.));
#260 = DIRECTION('',(-1.,0.,0.));
#261 = DEFINITIONAL_REPRESENTATION('',(#262),#266);
#262 = LINE('',#263,#264);
#263 = CARTESIAN_POINT('',(-0.,-0.));
#264 = VECTOR('',#265,1.);
#265 = DIRECTION('',(-1.,-0.));
#266 = ( GEOMETRIC_REPRESENTATION_CONTEXT(2) 
PARAMETRIC_REPRESENTATION_CONTEXT() REPRESENTATION_CONTEXT('2D SPACE',''
  ) );
#267 = FACE_BOUND('',#268,.T.);
#268 = EDGE_LOOP('',(#269));
#269 = ORIENTED_EDGE('',*,*,#270,.T.);
#270 = EDGE_CURVE('',#271,#271,#273,.T.);
#271 = VERTEX_POINT('',#272);
#272 = CARTESIAN_POINT('',(-10.05,-12.99038105676,9.2));
#273 = SURFACE_CURVE('',#274,(#279,#290),.PCURVE_S1.);
#274 = CIRCLE('',#275,2.55);
#275 = AXIS2_PLACEMENT_3D('',#276,#277,#278);
#276 = CARTESIAN_POINT('',(-7.5,-12.99038105676,9.2));
#277 = DIRECTION('',(0.,0.,-1.));
#278 = DIRECTION('',(-1.,0.,0.));
#279 = PCURVE('',#100,#280);
#280 = DEFINITIONAL_REPRESENTATION('',(#281),#289);
#281 = ( BOUNDED_CURVE() B_SPLINE_CURVE(2,(#282,#283,#284,#285,#286,#287
,#288),.UNSPECIFIED.,.T.,.F.) B_SPLINE_CURVE_WITH_KNOTS((1,2,2,2,2,1),(
    -2.094395102393,0.,2.094395102393,4.188790204786,6.28318530718,
8.377580409573),.UNSPECIFIED.) CURVE() GEOMETRIC_REPRESENTATION_ITEM() 
RATIONAL_B_SPLINE_CURVE((1.,0.5,1.,0.5,1.,0.5,1.)) REPRESENTATION_ITEM(
  '') );
#282 = CARTESIAN_POINT('',(-10.05,-12.99038105676));
#283 = CARTESIAN_POINT('',(-10.05,-8.573651497466));
#284 = CARTESIAN_POINT('',(-6.225,-10.78201627711));
#285 = CARTESIAN_POINT('',(-2.4,-12.99038105676));
#286 = CARTESIAN_POINT('',(-6.225,-15.19874583641));
#287 = CARTESIAN_POINT('',(-10.05,-17.40711061606));
#288 = CARTESIAN_POINT('',(-10.05,-12.99038105676));
#289 = ( GEOMETRIC_REPRESENTATION_CONTEXT(2) 
PARAMETRIC_REPRESENTATION_CONTEXT() REPRESENTATION_CONTEXT('2D SPACE',''
  ) );
#290 = PCURVE('',#291,#296);
#291 = CONICAL_SURFACE('',#292,2.55,0.785398163397);
#292 = AXIS2_PLACEMENT_3D('',#293,#294,#295);
#293 = CARTESIAN_POINT('',(-7.5,-12.99038105676,9.2));
#294 = DIRECTION('',(0.,0.,1.));
#295 = DIRECTION('',(-1.,0.,0.));
#296 = DEFINITIONAL_REPRESENTATION('',(#297),#301);
#297 = LINE('',#298,#299);
#298 = CARTESIAN_POINT('',(-0.,-0.));
#299 = VECTOR('',#300,1.);
#300 = DIRECTION('',(-1.,-0.));
#301 = ( GEOMETRIC_REPRESENTATION_CONTEXT(2) 
PARAMETRIC_REPRESENTATION_CONTEXT() REPRESENTATION_CONTEXT('2D SPACE',''
  ) );
#302 = FACE_BOUND('',#303,.T.);
#303 = EDGE_LOOP('',(#304));
#304 = ORIENTED_EDGE('',*,*,#305,.T.);
#305 = EDGE_CURVE('',#306,#306,#308,.T.);
#306 = VERTEX_POINT('',#307);
#307 = CARTESIAN_POINT('',(-2.55,-25.98076211353,9.2));
#308 = SURFACE_CURVE('',#309,(#314,#325),.PCURVE_S1.);
#309 = CIRCLE('',#310,2.55);
#310 = AXIS2_PLACEMENT_3D('',#311,#312,#313);
#311 = CARTESIAN_POINT('',(0.,-25.98076211353,9.2));
#312 = DIRECTION('',(0.,0.,-1.));
#313 = DIRECTION('',(-1.,0.,0.));
#314 = PCURVE('',#100,#315);
#315 = DEFINITIONAL_REPRESENTATION('',(#316),#324);
#316 = ( BOUNDED_CURVE() B_SPLINE_CURVE(2,(#317,#318,#319,#320,#321,#322
,#323),.UNSPECIFIED.,.T.,.F.) B_SPLINE_CURVE_WITH_KNOTS((1,2,2,2,2,1),(
    -2.094395102393,0.,2.094395102393,4.188790204786,6.28318530718,
8.377580409573),.UNSPECIFIED.) CURVE() GEOMETRIC_REPRESENTATION_ITEM() 
RATIONAL_B_SPLINE_CURVE((1.,0.5,1.,0.5,1.,0.5,1.)) REPRESENTATION_ITEM(
  '') );
#317 = CARTESIAN_POINT('',(-2.55,-25.98076211353));
#318 = CARTESIAN_POINT('',(-2.55,-21.56403255423));
#319 = CARTESIAN_POINT('',(1.275,-23.77239733388));
#320 = CARTESIAN_POINT('',(5.1,-25.98076211353));
#321 = CARTESIAN_POINT('',(1.275,-28.18912689318));
#322 = CARTESIAN_POINT('',(-2.55,-30.39749167283));
#323 = CARTESIAN_POINT('',(-2.55,-25.98076211353));
#324 = ( GEOMETRIC_REPRESENTATION_CONTEXT(2) 
PARAMETRIC_REPRESENTATION_CONTEXT() REPRESENTATION_CONTEXT('2D SPACE',''
  ) );
#325 = PCURVE('',#326,#331);
#326 = CONICAL_SURFACE('',#327,2.55,0.785398163397);
#327 = AXIS2_PLACEMENT_3D('',#328,#329,#330);
#328 = CARTESIAN_POINT('',(0.,-25.98076211353,9.2));
#329 = DIRECTION('',(0.,0.,1.));
#330 = DIRECTION('',(-1.,0.,0.));
#331 = DEFINITIONAL_REPRESENTATION('',(#332),#336);
#332 = LINE('',#333,#334);
#333 = CARTESIAN_POINT('',(-0.,-0.));
#334 = VECTOR('',#335,1.);
#335 = DIRECTION('',(-1.,-0.));
#336 = ( GEOMETRIC_REPRESENTATION_CONTEXT(2) 
PARAMETRIC_REPRESENTATION_CONTEXT() REPRESENTATION_CONTEXT('2D SPACE',''
  ) );
#337 = FACE_BOUND('',#338,.T.);
#338 = EDGE_LOOP('',(#339));
#339 = ORIENTED_EDGE('',*,*,#340,.T.);
#340 = EDGE_CURVE('',#341,#341,#343,.T.);
#341 = VERTEX_POINT('',#342);
#342 = CARTESIAN_POINT('',(12.45,-25.98076211353,9.2));
#343 = SURFACE_CURVE('',#344,(#349,#360),.PCURVE_S1.);
#344 = CIRCLE('',#345,2.55);
#345 = AXIS2_PLACEMENT_3D('',#346,#347,#348);
#346 = CARTESIAN_POINT('',(15.,-25.98076211353,9.2));
#347 = DIRECTION('',(0.,0.,-1.));
#348 = DIRECTION('',(-1.,0.,0.));
#349 = PCURVE('',#100,#350);
#350 = DEFINITIONAL_REPRESENTATION('',(#351),#359);
#351 = ( BOUNDED_CURVE() B_SPLINE_CURVE(2,(#352,#353,#354,#355,#356,#357
,#358),.UNSPECIFIED.,.T.,.F.) B_SPLINE_CURVE_WITH_KNOTS((1,2,2,2,2,1),(
    -2.094395102393,0.,2.094395102393,4.188790204786,6.28318530718,
8.377580409573),.UNSPECIFIED.) CURVE() GEOMETRIC_REPRESENTATION_ITEM() 
RATIONAL_B_SPLINE_CURVE((1.,0.5,1.,0.5,1.,0.5,1.)) REPRESENTATION_ITEM(
  '') );
#352 = CARTESIAN_POINT('',(12.45,-25.98076211353));
#353 = CARTESIAN_POINT('',(12.45,-21.56403255423));
#354 = CARTESIAN_POINT('',(16.275,-23.77239733388));
#355 = CARTESIAN_POINT('',(20.1,-25.98076211353));
#356 = CARTESIAN_POINT('',(16.275,-28.18912689318));
#357 = CARTESIAN_POINT('',(12.45,-30.39749167283));
#358 = CARTESIAN_POINT('',(12.45,-25.98076211353));
#359 = ( GEOMETRIC_REPRESENTATION_CONTEXT(2) 
PARAMETRIC_REPRESENTATION_CONTEXT() REPRESENTATION_CONTEXT('2D SPACE',''
  ) );
#360 = PCURVE('',#361,#366);
#361 = CONICAL_SURFACE('',#362,2.55,0.785398163397);
#362 = AXIS2_PLACEMENT_3D('',#363,#364,#365);
#363 = CARTESIAN_POINT('',(15.,-25.98076211353,9.2));
#364 = DIRECTION('',(0.,0.,1.));
#365 = DIRECTION('',(-1.,0.,0.));
#366 = DEFINITIONAL_REPRESENTATION('',(#367),#371);
#367 = LINE('',#368,#369);
#368 = CARTESIAN_POINT('',(-0.,-0.));
#369 = VECTOR('',#370,1.);
#370 = DIRECTION('',(-1.,-0.));
#371 = ( GEOMETRIC_REPRESENTATION_CONTEXT(2) 
PARAMETRIC_REPRESENTATION_CONTEXT() REPRESENTATION_CONTEXT('2D SPACE',''
  ) );
#372 = FACE_BOUND('',#373,.T.);
#373 = EDGE_LOOP('',(#374));
#374 = ORIENTED_EDGE('',*,*,#375,.T.);
#375 = EDGE_CURVE('',#376,#376,#378,.T.);
#376 = VERTEX_POINT('',#377);
#377 = CARTESIAN_POINT('',(4.95,-12.99038105676,9.2));
#378 = SURFACE_CURVE('',#379,(#384,#395),.PCURVE_S1.);
#379 = CIRCLE('',#380,2.55);
#380 = AXIS2_PLACEMENT_3D('',#381,#382,#383);
#381 = CARTESIAN_POINT('',(7.5,-12.99038105676,9.2));
#382 = DIRECTION('',(0.,0.,-1.));
#383 = DIRECTION('',(-1.,0.,0.));
#384 = PCURVE('',#100,#385);
#385 = DEFINITIONAL_REPRESENTATION('',(#386),#394);
#386 = ( BOUNDED_CURVE() B_SPLINE_CURVE(2,(#387,#388,#389,#390,#391,#392
,#393),.UNSPECIFIED.,.T.,.F.) B_SPLINE_CURVE_WITH_KNOTS((1,2,2,2,2,1),(
    -2.094395102393,0.,2.094395102393,4.188790204786,6.28318530718,
8.377580409573),.UNSPECIFIED.) CURVE() GEOMETRIC_REPRESENTATION_ITEM() 
RATIONAL_B_SPLINE_CURVE((1.,0.5,1.,0.5,1.,0.5,1.)) REPRESENTATION_ITEM(
  '') );
#387 = CARTESIAN_POINT('',(4.95,-12.99038105676));
#388 = CARTESIAN_POINT('',(4.95,-8.573651497466));
#389 = CARTESIAN_POINT('',(8.775,-10.78201627711));
#390 = CARTESIAN_POINT('',(12.6,-12.99038105676));
#391 = CARTESIAN_POINT('',(8.775,-15.19874583641));
#392 = CARTESIAN_POINT('',(4.95,-17.40711061606));
#393 = CARTESIAN_POINT('',(4.95,-12.99038105676));
#394 = ( GEOMETRIC_REPRESENTATION_CONTEXT(2) 
PARAMETRIC_REPRESENTATION_CONTEXT() REPRESENTATION_CONTEXT('2D SPACE',''
  ) );
#395 = PCURVE('',#396,#401);
#396 = CONICAL_SURFACE('',#397,2.55,0.785398163397);
#397 = AXIS2_PLACEMENT_3D('',#398,#399,#400);
#398 = CARTESIAN_POINT('',(7.5,-12.99038105676,9.2));
#399 = DIRECTION('',(0.,0.,1.));
#400 = DIRECTION('',(-1.,0.,0.));
#401 = DEFINITIONAL_REPRESENTATION('',(#402),#406);
#402 = LINE('',#403,#404);
#403 = CARTESIAN_POINT('',(-0.,-0.));
#404 = VECTOR('',#405,1.);
#405 = DIRECTION('',(-1.,-0.));
#406 = ( GEOMETRIC_REPRESENTATION_CONTEXT(2) 
PARAMETRIC_REPRESENTATION_CONTEXT() REPRESENTATION_CONTEXT('2D SPACE',''
  ) );
#407 = FACE_BOUND('',#408,.T.);
#408 = EDGE_LOOP('',(#409));
#409 = ORIENTED_EDGE('',*,*,#410,.T.);
#410 = EDGE_CURVE('',#411,#411,#413,.T.);
#411 = VERTEX_POINT('',#412);
#412 = CARTESIAN_POINT('',(19.95,-12.99038105676,9.2));
#413 = SURFACE_CURVE('',#414,(#419,#430),.PCURVE_S1.);
#414 = CIRCLE('',#415,2.55);
#415 = AXIS2_PLACEMENT_3D('',#416,#417,#418);
#416 = CARTESIAN_POINT('',(22.5,-12.99038105676,9.2));
#417 = DIRECTION('',(0.,0.,-1.));
#418 = DIRECTION('',(-1.,0.,0.));
#419 = PCURVE('',#100,#420);
#420 = DEFINITIONAL_REPRESENTATION('',(#421),#429);
#421 = ( BOUNDED_CURVE() B_SPLINE_CURVE(2,(#422,#423,#424,#425,#426,#427
,#428),.UNSPECIFIED.,.T.,.F.) B_SPLINE_CURVE_WITH_KNOTS((1,2,2,2,2,1),(
    -2.094395102393,0.,2.094395102393,4.188790204786,6.28318530718,
8.377580409573),.UNSPECIFIED.) CURVE() GEOMETRIC_REPRESENTATION_ITEM() 
RATIONAL_B_SPLINE_CURVE((1.,0.5,1.,0.5,1.,0.5,1.)) REPRESENTATION_ITEM(
  '') );
#422 = CARTESIAN_POINT('',(19.95,-12.99038105676));
#423 = CARTESIAN_POINT('',(19.95,-8.573651497466));
#424 = CARTESIAN_POINT('',(23.775,-10.78201627711));
#425 = CARTESIAN_POINT('',(27.6,-12.99038105676));
#426 = CARTESIAN_POINT('',(23.775,-15.19874583641));
#427 = CARTESIAN_POINT('',(19.95,-17.40711061606));
#428 = CARTESIAN_POINT('',(19.95,-12.99038105676));
#429 = ( GEOMETRIC_REPRESENTATION_CONTEXT(2) 
PARAMETRIC_REPRESENTATION_CONTEXT() REPRESENTATION_CONTEXT('2D SPACE',''
  ) );
#430 = PCURVE('',#431,#436);
#431 = CONICAL_SURFACE('',#432,2.55,0.785398163397);
#432 = AXIS2_PLACEMENT_3D('',#433,#434,#435);
#433 = CARTESIAN_POINT('',(22.5,-12.99038105676,9.2));
#434 = DIRECTION('',(0.,0.,1.));
#435 = DIRECTION('',(-1.,0.,0.));
#436 = DEFINITIONAL_REPRESENTATION('',(#437),#441);
#437 = LINE('',#438,#439);
#438 = CARTESIAN_POINT('',(-0.,-0.));
#439 = VECTOR('',#440,1.);
#440 = DIRECTION('',(-1.,-0.));
#441 = ( GEOMETRIC_REPRESENTATION_CONTEXT(2) 
PARAMETRIC_REPRESENTATION_CONTEXT() REPRESENTATION_CONTEXT('2D SPACE',''
  ) );
#442 = FACE_BOUND('',#443,.T.);
#443 = EDGE_LOOP('',(#444));
#444 = ORIENTED_EDGE('',*,*,#445,.T.);
#445 = EDGE_CURVE('',#446,#446,#448,.T.);
#446 = VERTEX_POINT('',#447);
#447 = CARTESIAN_POINT('',(-32.55,-6.245698675652E-16,9.2));
#448 = SURFACE_CURVE('',#449,(#454,#465),.PCURVE_S1.);
#449 = CIRCLE('',#450,2.55);
#450 = AXIS2_PLACEMENT_3D('',#451,#452,#453);
#451 = CARTESIAN_POINT('',(-30.,0.,9.2));
#452 = DIRECTION('',(0.,0.,-1.));
#453 = DIRECTION('',(-1.,0.,0.));
#454 = PCURVE('',#100,#455);
#455 = DEFINITIONAL_REPRESENTATION('',(#456),#464);
#456 = ( BOUNDED_CURVE() B_SPLINE_CURVE(2,(#457,#458,#459,#460,#461,#462
,#463),.UNSPECIFIED.,.T.,.F.) B_SPLINE_CURVE_WITH_KNOTS((1,2,2,2,2,1),(
    -2.094395102393,0.,2.094395102393,4.188790204786,6.28318530718,
8.377580409573),.UNSPECIFIED.) CURVE() GEOMETRIC_REPRESENTATION_ITEM() 
RATIONAL_B_SPLINE_CURVE((1.,0.5,1.,0.5,1.,0.5,1.)) REPRESENTATION_ITEM(
  '') );
#457 = CARTESIAN_POINT('',(-32.55,-3.692127783966E-16));
#458 = CARTESIAN_POINT('',(-32.55,4.416729559301));
#459 = CARTESIAN_POINT('',(-28.725,2.20836477965));
#460 = CARTESIAN_POINT('',(-24.9,2.553570891685E-16));
#461 = CARTESIAN_POINT('',(-28.725,-2.20836477965));
#462 = CARTESIAN_POINT('',(-32.55,-4.416729559301));
#463 = CARTESIAN_POINT('',(-32.55,-3.692127783966E-16));
#464 = ( GEOMETRIC_REPRESENTATION_CONTEXT(2) 
PARAMETRIC_REPRESENTATION_CONTEXT() REPRESENTATION_CONTEXT('2D SPACE',''
  ) );
#465 = PCURVE('',#466,#471);
#466 = CONICAL_SURFACE('',#467,2.55,0.785398163397);
#467 = AXIS2_PLACEMENT_3D('',#468,#469,#470);
#468 = CARTESIAN_POINT('',(-30.,0.,9.2));
#469 = DIRECTION('',(0.,0.,1.));
#470 = DIRECTION('',(-1.,0.,0.));
#471 = DEFINITIONAL_REPRESENTATION('',(#472),#476);
#472 = LINE('',#473,#474);
#473 = CARTESIAN_POINT('',(-0.,-0.));
#474 = VECTOR('',#475,1.);
#475 = DIRECTION('',(-1.,-0.));
#476 = ( GEOMETRIC_REPRESENTATION_CONTEXT(2) 
PARAMETRIC_REPRESENTATION_CONTEXT() REPRESENTATION_CONTEXT('2D SPACE',''
  ) );
#477 = FACE_BOUND('',#478,.T.);
#478 = EDGE_LOOP('',(#479));
#479 = ORIENTED_EDGE('',*,*,#480,.T.);
#480 = EDGE_CURVE('',#481,#481,#483,.T.);
#481 = VERTEX_POINT('',#482);
#482 = CARTESIAN_POINT('',(-25.05,12.990381056767,9.2));
#483 = SURFACE_CURVE('',#484,(#489,#500),.PCURVE_S1.);
#484 = CIRCLE('',#485,2.55);
#485 = AXIS2_PLACEMENT_3D('',#486,#487,#488);
#486 = CARTESIAN_POINT('',(-22.5,12.990381056767,9.2));
#487 = DIRECTION('',(0.,0.,-1.));
#488 = DIRECTION('',(-1.,0.,0.));
#489 = PCURVE('',#100,#490);
#490 = DEFINITIONAL_REPRESENTATION('',(#491),#499);
#491 = ( BOUNDED_CURVE() B_SPLINE_CURVE(2,(#492,#493,#494,#495,#496,#497
,#498),.UNSPECIFIED.,.T.,.F.) B_SPLINE_CURVE_WITH_KNOTS((1,2,2,2,2,1),(
    -2.094395102393,0.,2.094395102393,4.188790204786,6.28318530718,
8.377580409573),.UNSPECIFIED.) CURVE() GEOMETRIC_REPRESENTATION_ITEM() 
RATIONAL_B_SPLINE_CURVE((1.,0.5,1.,0.5,1.,0.5,1.)) REPRESENTATION_ITEM(
  '') );
#492 = CARTESIAN_POINT('',(-25.05,12.990381056767));
#493 = CARTESIAN_POINT('',(-25.05,17.407110616067));
#494 = CARTESIAN_POINT('',(-21.225,15.198745836417));
#495 = CARTESIAN_POINT('',(-17.4,12.990381056767));
#496 = CARTESIAN_POINT('',(-21.225,10.782016277116));
#497 = CARTESIAN_POINT('',(-25.05,8.573651497466));
#498 = CARTESIAN_POINT('',(-25.05,12.990381056767));
#499 = ( GEOMETRIC_REPRESENTATION_CONTEXT(2) 
PARAMETRIC_REPRESENTATION_CONTEXT() REPRESENTATION_CONTEXT('2D SPACE',''
  ) );
#500 = PCURVE('',#501,#506);
#501 = CONICAL_SURFACE('',#502,2.55,0.785398163397);
#502 = AXIS2_PLACEMENT_3D('',#503,#504,#505);
#503 = CARTESIAN_POINT('',(-22.5,12.990381056767,9.2));
#504 = DIRECTION('',(0.,0.,1.));
#505 = DIRECTION('',(-1.,0.,0.));
#506 = DEFINITIONAL_REPRESENTATION('',(#507),#511);
#507 = LINE('',#508,#509);
#508 = CARTESIAN_POINT('',(-0.,-0.));
#509 = VECTOR('',#510,1.);
#510 = DIRECTION('',(-1.,-0.));
#511 = ( GEOMETRIC_REPRESENTATION_CONTEXT(2) 
PARAMETRIC_REPRESENTATION_CONTEXT() REPRESENTATION_CONTEXT('2D SPACE',''
  ) );
#512 = FACE_BOUND('',#513,.T.);
#513 = EDGE_LOOP('',(#514));
#514 = ORIENTED_EDGE('',*,*,#515,.T.);
#515 = EDGE_CURVE('',#516,#516,#518,.T.);
#516 = VERTEX_POINT('',#517);
#517 = CARTESIAN_POINT('',(-17.55,-6.245698675652E-16,9.2));
#518 = SURFACE_CURVE('',#519,(#524,#535),.PCURVE_S1.);
#519 = CIRCLE('',#520,2.55);
#520 = AXIS2_PLACEMENT_3D('',#521,#522,#523);
#521 = CARTESIAN_POINT('',(-15.,0.,9.2));
#522 = DIRECTION('',(0.,0.,-1.));
#523 = DIRECTION('',(-1.,0.,0.));
#524 = PCURVE('',#100,#525);
#525 = DEFINITIONAL_REPRESENTATION('',(#526),#534);
#526 = ( BOUNDED_CURVE() B_SPLINE_CURVE(2,(#527,#528,#529,#530,#531,#532
,#533),.UNSPECIFIED.,.T.,.F.) B_SPLINE_CURVE_WITH_KNOTS((1,2,2,2,2,1),(
    -2.094395102393,0.,2.094395102393,4.188790204786,6.28318530718,
8.377580409573),.UNSPECIFIED.) CURVE() GEOMETRIC_REPRESENTATION_ITEM() 
RATIONAL_B_SPLINE_CURVE((1.,0.5,1.,0.5,1.,0.5,1.)) REPRESENTATION_ITEM(
  '') );
#527 = CARTESIAN_POINT('',(-17.55,-3.692127783966E-16));
#528 = CARTESIAN_POINT('',(-17.55,4.416729559301));
#529 = CARTESIAN_POINT('',(-13.725,2.20836477965));
#530 = CARTESIAN_POINT('',(-9.9,2.553570891685E-16));
#531 = CARTESIAN_POINT('',(-13.725,-2.20836477965));
#532 = CARTESIAN_POINT('',(-17.55,-4.416729559301));
#533 = CARTESIAN_POINT('',(-17.55,-3.692127783966E-16));
#534 = ( GEOMETRIC_REPRESENTATION_CONTEXT(2) 
PARAMETRIC_REPRESENTATION_CONTEXT() REPRESENTATION_CONTEXT('2D SPACE',''
  ) );
#535 = PCURVE('',#536,#541);
#536 = CONICAL_SURFACE('',#537,2.55,0.785398163397);
#537 = AXIS2_PLACEMENT_3D('',#538,#539,#540);
#538 = CARTESIAN_POINT('',(-15.,0.,9.2));
#539 = DIRECTION('',(0.,0.,1.));
#540 = DIRECTION('',(-1.,0.,0.));
#541 = DEFINITIONAL_REPRESENTATION('',(#542),#546);
#542 = LINE('',#543,#544);
#543 = CARTESIAN_POINT('',(-0.,-0.));
#544 = VECTOR('',#545,1.);
#545 = DIRECTION('',(-1.,-0.));
#546 = ( GEOMETRIC_REPRESENTATION_CONTEXT(2) 
PARAMETRIC_REPRESENTATION_CONTEXT() REPRESENTATION_CONTEXT('2D SPACE',''
  ) );
#547 = FACE_BOUND('',#548,.T.);
#548 = EDGE_LOOP('',(#549));
#549 = ORIENTED_EDGE('',*,*,#550,.T.);
#550 = EDGE_CURVE('',#551,#551,#553,.T.);
#551 = VERTEX_POINT('',#552);
#552 = CARTESIAN_POINT('',(-10.05,12.990381056767,9.2));
#553 = SURFACE_CURVE('',#554,(#559,#570),.PCURVE_S1.);
#554 = CIRCLE('',#555,2.55);
#555 = AXIS2_PLACEMENT_3D('',#556,#557,#558);
#556 = CARTESIAN_POINT('',(-7.5,12.990381056767,9.2));
#557 = DIRECTION('',(0.,0.,-1.));
#558 = DIRECTION('',(-1.,0.,0.));
#559 = PCURVE('',#100,#560);
#560 = DEFINITIONAL_REPRESENTATION('',(#561),#569);
#561 = ( BOUNDED_CURVE() B_SPLINE_CURVE(2,(#562,#563,#564,#565,#566,#567
,#568),.UNSPECIFIED.,.T.,.F.) B_SPLINE_CURVE_WITH_KNOTS((1,2,2,2,2,1),(
    -2.094395102393,0.,2.094395102393,4.188790204786,6.28318530718,
8.377580409573),.UNSPECIFIED.) CURVE() GEOMETRIC_REPRESENTATION_ITEM() 
RATIONAL_B_SPLINE_CURVE((1.,0.5,1.,0.5,1.,0.5,1.)) REPRESENTATION_ITEM(
  '') );
#562 = CARTESIAN_POINT('',(-10.05,12.990381056767));
#563 = CARTESIAN_POINT('',(-10.05,17.407110616067));
#564 = CARTESIAN_POINT('',(-6.225,15.198745836417));
#565 = CARTESIAN_POINT('',(-2.4,12.990381056767));
#566 = CARTESIAN_POINT('',(-6.225,10.782016277116));
#567 = CARTESIAN_POINT('',(-10.05,8.573651497466));
#568 = CARTESIAN_POINT('',(-10.05,12.990381056767));
#569 = ( GEOMETRIC_REPRESENTATION_CONTEXT(2) 
PARAMETRIC_REPRESENTATION_CONTEXT() REPRESENTATION_CONTEXT('2D SPACE',''
  ) );
#570 = PCURVE('',#571,#576);
#571 = CONICAL_SURFACE('',#572,2.55,0.785398163397);
#572 = AXIS2_PLACEMENT_3D('',#573,#574,#575);
#573 = CARTESIAN_POINT('',(-7.5,12.990381056767,9.2));
#574 = DIRECTION('',(0.,0.,1.));
#575 = DIRECTION('',(-1.,0.,0.));
#576 = DEFINITIONAL_REPRESENTATION('',(#577),#581);
#577 = LINE('',#578,#579);
#578 = CARTESIAN_POINT('',(-0.,-0.));
#579 = VECTOR('',#580,1.);
#580 = DIRECTION('',(-1.,-0.));
#581 = ( GEOMETRIC_REPRESENTATION_CONTEXT(2) 
PARAMETRIC_REPRESENTATION_CONTEXT() REPRESENTATION_CONTEXT('2D SPACE',''
  ) );
#582 = FACE_BOUND('',#583,.T.);
#583 = EDGE_LOOP('',(#584));
#584 = ORIENTED_EDGE('',*,*,#585,.T.);
#585 = EDGE_CURVE('',#586,#586,#588,.T.);
#586 = VERTEX_POINT('',#587);
#587 = CARTESIAN_POINT('',(-17.55,25.980762113533,9.2));
#588 = SURFACE_CURVE('',#589,(#594,#605),.PCURVE_S1.);
#589 = CIRCLE('',#590,2.55);
#590 = AXIS2_PLACEMENT_3D('',#591,#592,#593);
#591 = CARTESIAN_POINT('',(-15.,25.980762113533,9.2));
#592 = DIRECTION('',(0.,0.,-1.));
#593 = DIRECTION('',(-1.,0.,0.));
#594 = PCURVE('',#100,#595);
#595 = DEFINITIONAL_REPRESENTATION('',(#596),#604);
#596 = ( BOUNDED_CURVE() B_SPLINE_CURVE(2,(#597,#598,#599,#600,#601,#602
,#603),.UNSPECIFIED.,.T.,.F.) B_SPLINE_CURVE_WITH_KNOTS((1,2,2,2,2,1),(
    -2.094395102393,0.,2.094395102393,4.188790204786,6.28318530718,
8.377580409573),.UNSPECIFIED.) CURVE() GEOMETRIC_REPRESENTATION_ITEM() 
RATIONAL_B_SPLINE_CURVE((1.,0.5,1.,0.5,1.,0.5,1.)) REPRESENTATION_ITEM(
  '') );
#597 = CARTESIAN_POINT('',(-17.55,25.980762113533));
#598 = CARTESIAN_POINT('',(-17.55,30.397491672834));
#599 = CARTESIAN_POINT('',(-13.725,28.189126893183));
#600 = CARTESIAN_POINT('',(-9.9,25.980762113533));
#601 = CARTESIAN_POINT('',(-13.725,23.772397333883));
#602 = CARTESIAN_POINT('',(-17.55,21.564032554233));
#603 = CARTESIAN_POINT('',(-17.55,25.980762113533));
#604 = ( GEOMETRIC_REPRESENTATION_CONTEXT(2) 
PARAMETRIC_REPRESENTATION_CONTEXT() REPRESENTATION_CONTEXT('2D SPACE',''
  ) );
#605 = PCURVE('',#606,#611);
#606 = CONICAL_SURFACE('',#607,2.55,0.785398163397);
#607 = AXIS2_PLACEMENT_3D('',#608,#609,#610);
#608 = CARTESIAN_POINT('',(-15.,25.980762113533,9.2));
#609 = DIRECTION('',(0.,0.,1.));
#610 = DIRECTION('',(-1.,0.,0.));
#611 = DEFINITIONAL_REPRESENTATION('',(#612),#616);
#612 = LINE('',#613,#614);
#613 = CARTESIAN_POINT('',(-0.,-0.));
#614 = VECTOR('',#615,1.);
#615 = DIRECTION('',(-1.,-0.));
#616 = ( GEOMETRIC_REPRESENTATION_CONTEXT(2) 
PARAMETRIC_REPRESENTATION_CONTEXT() REPRESENTATION_CONTEXT('2D SPACE',''
  ) );
#617 = FACE_BOUND('',#618,.T.);
#618 = EDGE_LOOP('',(#619));
#619 = ORIENTED_EDGE('',*,*,#620,.T.);
#620 = EDGE_CURVE('',#621,#621,#623,.T.);
#621 = VERTEX_POINT('',#622);
#622 = CARTESIAN_POINT('',(-2.55,-6.245698675652E-16,9.2));
#623 = SURFACE_CURVE('',#624,(#629,#640),.PCURVE_S1.);
#624 = CIRCLE('',#625,2.55);
#625 = AXIS2_PLACEMENT_3D('',#626,#627,#628);
#626 = CARTESIAN_POINT('',(0.,0.,9.2));
#627 = DIRECTION('',(0.,0.,-1.));
#628 = DIRECTION('',(-1.,0.,0.));
#629 = PCURVE('',#100,#630);
#630 = DEFINITIONAL_REPRESENTATION('',(#631),#639);
#631 = ( BOUNDED_CURVE() B_SPLINE_CURVE(2,(#632,#633,#634,#635,#636,#637
,#638),.UNSPECIFIED.,.T.,.F.) B_SPLINE_CURVE_WITH_KNOTS((1,2,2,2,2,1),(
    -2.094395102393,0.,2.094395102393,4.188790204786,6.28318530718,
8.377580409573),.UNSPECIFIED.) CURVE() GEOMETRIC_REPRESENTATION_ITEM() 
RATIONAL_B_SPLINE_CURVE((1.,0.5,1.,0.5,1.,0.5,1.)) REPRESENTATION_ITEM(
  '') );
#632 = CARTESIAN_POINT('',(-2.55,-3.692127783966E-16));
#633 = CARTESIAN_POINT('',(-2.55,4.416729559301));
#634 = CARTESIAN_POINT('',(1.275,2.20836477965));
#635 = CARTESIAN_POINT('',(5.1,2.553570891685E-16));
#636 = CARTESIAN_POINT('',(1.275,-2.20836477965));
#637 = CARTESIAN_POINT('',(-2.55,-4.416729559301));
#638 = CARTESIAN_POINT('',(-2.55,-3.692127783966E-16));
#639 = ( GEOMETRIC_REPRESENTATION_CONTEXT(2) 
PARAMETRIC_REPRESENTATION_CONTEXT() REPRESENTATION_CONTEXT('2D SPACE',''
  ) );
#640 = PCURVE('',#641,#646);
#641 = CONICAL_SURFACE('',#642,2.55,0.785398163397);
#642 = AXIS2_PLACEMENT_3D('',#643,#644,#645);
#643 = CARTESIAN_POINT('',(0.,0.,9.2));
#644 = DIRECTION('',(0.,0.,1.));
#645 = DIRECTION('',(-1.,0.,0.));
#646 = DEFINITIONAL_REPRESENTATION('',(#647),#651);
#647 = LINE('',#648,#649);
#648 = CARTESIAN_POINT('',(-0.,-0.));
#649 = VECTOR('',#650,1.);
#650 = DIRECTION('',(-1.,-0.));
#651 = ( GEOMETRIC_REPRESENTATION_CONTEXT(2) 
PARAMETRIC_REPRESENTATION_CONTEXT() REPRESENTATION_CONTEXT('2D SPACE',''
  ) );
#652 = FACE_BOUND('',#653,.T.);
#653 = EDGE_LOOP('',(#654));
#654 = ORIENTED_EDGE('',*,*,#655,.T.);
#655 = EDGE_CURVE('',#656,#656,#658,.T.);
#656 = VERTEX_POINT('',#657);
#657 = CARTESIAN_POINT('',(12.45,-6.245698675652E-16,9.2));
#658 = SURFACE_CURVE('',#659,(#664,#675),.PCURVE_S1.);
#659 = CIRCLE('',#660,2.55);
#660 = AXIS2_PLACEMENT_3D('',#661,#662,#663);
#661 = CARTESIAN_POINT('',(15.,0.,9.2));
#662 = DIRECTION('',(0.,0.,-1.));
#663 = DIRECTION('',(-1.,0.,0.));
#664 = PCURVE('',#100,#665);
#665 = DEFINITIONAL_REPRESENTATION('',(#666),#674);
#666 = ( BOUNDED_CURVE() B_SPLINE_CURVE(2,(#667,#668,#669,#670,#671,#672
,#673),.UNSPECIFIED.,.T.,.F.) B_SPLINE_CURVE_WITH_KNOTS((1,2,2,2,2,1),(
    -2.094395102393,0.,2.094395102393,4.188790204786,6.28318530718,
8.377580409573),.UNSPECIFIED.) CURVE() GEOMETRIC_REPRESENTATION_ITEM() 
RATIONAL_B_SPLINE_CURVE((1.,0.5,1.,0.5,1.,0.5,1.)) REPRESENTATION_ITEM(
  '') );
#667 = CARTESIAN_POINT('',(12.45,-3.692127783966E-16));
#668 = CARTESIAN_POINT('',(12.45,4.416729559301));
#669 = CARTESIAN_POINT('',(16.275,2.20836477965));
#670 = CARTESIAN_POINT('',(20.1,2.553570891685E-16));
#671 = CARTESIAN_POINT('',(16.275,-2.20836477965));
#672 = CARTESIAN_POINT('',(12.45,-4.416729559301));
#673 = CARTESIAN_POINT('',(12.45,-3.692127783966E-16));
#674 = ( GEOMETRIC_REPRESENTATION_CONTEXT(2) 
PARAMETRIC_REPRESENTATION_CONTEXT() REPRESENTATION_CONTEXT('2D SPACE',''
  ) );
#675 = PCURVE('',#676,#681);
#676 = CONICAL_SURFACE('',#677,2.55,0.785398163397);
#677 = AXIS2_PLACEMENT_3D('',#678,#679,#680);
#678 = CARTESIAN_POINT('',(15.,0.,9.2));
#679 = DIRECTION('',(0.,0.,1.));
#680 = DIRECTION('',(-1.,0.,0.));
#681 = DEFINITIONAL_REPRESENTATION('',(#682),#686);
#682 = LINE('',#683,#684);
#683 = CARTESIAN_POINT('',(-0.,-0.));
#684 = VECTOR('',#685,1.);
#685 = DIRECTION('',(-1.,-0.));
#686 = ( GEOMETRIC_REPRESENTATION_CONTEXT(2) 
PARAMETRIC_REPRESENTATION_CONTEXT() REPRESENTATION_CONTEXT('2D SPACE',''
  ) );
#687 = FACE_BOUND('',#688,.T.);
#688 = EDGE_LOOP('',(#689));
#689 = ORIENTED_EDGE('',*,*,#690,.T.);
#690 = EDGE_CURVE('',#691,#691,#693,.T.);
#691 = VERTEX_POINT('',#692);
#692 = CARTESIAN_POINT('',(4.95,12.990381056767,9.2));
#693 = SURFACE_CURVE('',#694,(#699,#710),.PCURVE_S1.);
#694 = CIRCLE('',#695,2.55);
#695 = AXIS2_PLACEMENT_3D('',#696,#697,#698);
#696 = CARTESIAN_POINT('',(7.5,12.990381056767,9.2));
#697 = DIRECTION('',(0.,0.,-1.));
#698 = DIRECTION('',(-1.,0.,0.));
#699 = PCURVE('',#100,#700);
#700 = DEFINITIONAL_REPRESENTATION('',(#701),#709);
#701 = ( BOUNDED_CURVE() B_SPLINE_CURVE(2,(#702,#703,#704,#705,#706,#707
,#708),.UNSPECIFIED.,.T.,.F.) B_SPLINE_CURVE_WITH_KNOTS((1,2,2,2,2,1),(
    -2.094395102393,0.,2.094395102393,4.188790204786,6.28318530718,
8.377580409573),.UNSPECIFIED.) CURVE() GEOMETRIC_REPRESENTATION_ITEM() 
RATIONAL_B_SPLINE_CURVE((1.,0.5,1.,0.5,1.,0.5,1.)) REPRESENTATION_ITEM(
  '') );
#702 = CARTESIAN_POINT('',(4.95,12.990381056767));
#703 = CARTESIAN_POINT('',(4.95,17.407110616067));
#704 = CARTESIAN_POINT('',(8.775,15.198745836417));
#705 = CARTESIAN_POINT('',(12.6,12.990381056767));
#706 = CARTESIAN_POINT('',(8.775,10.782016277116));
#707 = CARTESIAN_POINT('',(4.95,8.573651497466));
#708 = CARTESIAN_POINT('',(4.95,12.990381056767));
#709 = ( GEOMETRIC_REPRESENTATION_CONTEXT(2) 
PARAMETRIC_REPRESENTATION_CONTEXT() REPRESENTATION_CONTEXT('2D SPACE',''
  ) );
#710 = PCURVE('',#711,#716);
#711 = CONICAL_SURFACE('',#712,2.55,0.785398163397);
#712 = AXIS2_PLACEMENT_3D('',#713,#714,#715);
#713 = CARTESIAN_POINT('',(7.5,12.990381056767,9.2));
#714 = DIRECTION('',(0.,0.,1.));
#715 = DIRECTION('',(-1.,0.,0.));
#716 = DEFINITIONAL_REPRESENTATION('',(#717),#721);
#717 = LINE('',#718,#719);
#718 = CARTESIAN_POINT('',(-0.,-0.));
#719 = VECTOR('',#720,1.);
#720 = DIRECTION('',(-1.,-0.));
#721 = ( GEOMETRIC_REPRESENTATION_CONTEXT(2) 
PARAMETRIC_REPRESENTATION_CONTEXT() REPRESENTATION_CONTEXT('2D SPACE',''
  ) );
#722 = FACE_BOUND('',#723,.T.);
#723 = EDGE_LOOP('',(#724));
#724 = ORIENTED_EDGE('',*,*,#725,.T.);
#725 = EDGE_CURVE('',#726,#726,#728,.T.);
#726 = VERTEX_POINT('',#727);
#727 = CARTESIAN_POINT('',(27.45,-6.245698675652E-16,9.2));
#728 = SURFACE_CURVE('',#729,(#734,#745),.PCURVE_S1.);
#729 = CIRCLE('',#730,2.55);
#730 = AXIS2_PLACEMENT_3D('',#731,#732,#733);
#731 = CARTESIAN_POINT('',(30.,0.,9.2));
#732 = DIRECTION('',(0.,0.,-1.));
#733 = DIRECTION('',(-1.,0.,0.));
#734 = PCURVE('',#100,#735);
#735 = DEFINITIONAL_REPRESENTATION('',(#736),#744);
#736 = ( BOUNDED_CURVE() B_SPLINE_CURVE(2,(#737,#738,#739,#740,#741,#742
,#743),.UNSPECIFIED.,.T.,.F.) B_SPLINE_CURVE_WITH_KNOTS((1,2,2,2,2,1),(
    -2.094395102393,0.,2.094395102393,4.188790204786,6.28318530718,
8.377580409573),.UNSPECIFIED.) CURVE() GEOMETRIC_REPRESENTATION_ITEM() 
RATIONAL_B_SPLINE_CURVE((1.,0.5,1.,0.5,1.,0.5,1.)) REPRESENTATION_ITEM(
  '') );
#737 = CARTESIAN_POINT('',(27.45,-3.692127783966E-16));
#738 = CARTESIAN_POINT('',(27.45,4.416729559301));
#739 = CARTESIAN_POINT('',(31.275,2.20836477965));
#740 = CARTESIAN_POINT('',(35.1,2.553570891685E-16));
#741 = CARTESIAN_POINT('',(31.275,-2.20836477965));
#742 = CARTESIAN_POINT('',(27.45,-4.416729559301));
#743 = CARTESIAN_POINT('',(27.45,-3.692127783966E-16));
#744 = ( GEOMETRIC_REPRESENTATION_CONTEXT(2) 
PARAMETRIC_REPRESENTATION_CONTEXT() REPRESENTATION_CONTEXT('2D SPACE',''
  ) );
#745 = PCURVE('',#746,#751);
#746 = CONICAL_SURFACE('',#747,2.55,0.785398163397);
#747 = AXIS2_PLACEMENT_3D('',#748,#749,#750);
#748 = CARTESIAN_POINT('',(30.,0.,9.2));
#749 = DIRECTION('',(0.,0.,1.));
#750 = DIRECTION('',(-1.,0.,0.));
#751 = DEFINITIONAL_REPRESENTATION('',(#752),#756);
#752 = LINE('',#753,#754);
#753 = CARTESIAN_POINT('',(-0.,-0.));
#754 = VECTOR('',#755,1.);
#755 = DIRECTION('',(-1.,-0.));
#756 = ( GEOMETRIC_REPRESENTATION_CONTEXT(2) 
PARAMETRIC_REPRESENTATION_CONTEXT() REPRESENTATION_CONTEXT('2D SPACE',''
  ) );
#757 = FACE_BOUND('',#758,.T.);
#758 = EDGE_LOOP('',(#759));
#759 = ORIENTED_EDGE('',*,*,#760,.T.);
#760 = EDGE_CURVE('',#761,#761,#763,.T.);
#761 = VERTEX_POINT('',#762);
#762 = CARTESIAN_POINT('',(19.95,12.990381056767,9.2));
#763 = SURFACE_CURVE('',#764,(#769,#780),.PCURVE_S1.);
#764 = CIRCLE('',#765,2.55);
#765 = AXIS2_PLACEMENT_3D('',#766,#767,#768);
#766 = CARTESIAN_POINT('',(22.5,12.990381056767,9.2));
#767 = DIRECTION('',(0.,0.,-1.));
#768 = DIRECTION('',(-1.,0.,0.));
#769 = PCURVE('',#100,#770);
#770 = DEFINITIONAL_REPRESENTATION('',(#771),#779);
#771 = ( BOUNDED_CURVE() B_SPLINE_CURVE(2,(#772,#773,#774,#775,#776,#777
,#778),.UNSPECIFIED.,.T.,.F.) B_SPLINE_CURVE_WITH_KNOTS((1,2,2,2,2,1),(
    -2.094395102393,0.,2.094395102393,4.188790204786,6.28318530718,
8.377580409573),.UNSPECIFIED.) CURVE() GEOMETRIC_REPRESENTATION_ITEM() 
RATIONAL_B_SPLINE_CURVE((1.,0.5,1.,0.5,1.,0.5,1.)) REPRESENTATION_ITEM(
  '') );
#772 = CARTESIAN_POINT('',(19.95,12.990381056767));
#773 = CARTESIAN_POINT('',(19.95,17.407110616067));
#774 = CARTESIAN_POINT('',(23.775,15.198745836417));
#775 = CARTESIAN_POINT('',(27.6,12.990381056767));
#776 = CARTESIAN_POINT('',(23.775,10.782016277116));
#777 = CARTESIAN_POINT('',(19.95,8.573651497466));
#778 = CARTESIAN_POINT('',(19.95,12.990381056767));
#779 = ( GEOMETRIC_REPRESENTATION_CONTEXT(2) 
PARAMETRIC_REPRESENTATION_CONTEXT() REPRESENTATION_CONTEXT('2D SPACE',''
  ) );
#780 = PCURVE('',#781,#786);
#781 = CONICAL_SURFACE('',#782,2.55,0.785398163397);
#782 = AXIS2_PLACEMENT_3D('',#783,#784,#785);
#783 = CARTESIAN_POINT('',(22.5,12.990381056767,9.2));
#784 = DIRECTION('',(0.,0.,1.));
#785 = DIRECTION('',(-1.,0.,0.));
#786 = DEFINITIONAL_REPRESENTATION('',(#787),#791);
#787 = LINE('',#788,#789);
#788 = CARTESIAN_POINT('',(-0.,-0.));
#789 = VECTOR('',#790,1.);
#790 = DIRECTION('',(-1.,-0.));
#791 = ( GEOMETRIC_REPRESENTATION_CONTEXT(2) 
PARAMETRIC_REPRESENTATION_CONTEXT() REPRESENTATION_CONTEXT('2D SPACE',''
  ) );
#792 = FACE_BOUND('',#793,.T.);
#793 = EDGE_LOOP('',(#794));
#794 = ORIENTED_EDGE('',*,*,#795,.T.);
#795 = EDGE_CURVE('',#796,#796,#798,.T.);
#796 = VERTEX_POINT('',#797);
#797 = CARTESIAN_POINT('',(-2.55,25.980762113533,9.2));
#798 = SURFACE_CURVE('',#799,(#804,#815),.PCURVE_S1.);
#799 = CIRCLE('',#800,2.55);
#800 = AXIS2_PLACEMENT_3D('',#801,#802,#803);
#801 = CARTESIAN_POINT('',(0.,25.980762113533,9.2));
#802 = DIRECTION('',(0.,0.,-1.));
#803 = DIRECTION('',(-1.,0.,0.));
#804 = PCURVE('',#100,#805);
#805 = DEFINITIONAL_REPRESENTATION('',(#806),#814);
#806 = ( BOUNDED_CURVE() B_SPLINE_CURVE(2,(#807,#808,#809,#810,#811,#812
,#813),.UNSPECIFIED.,.T.,.F.) B_SPLINE_CURVE_WITH_KNOTS((1,2,2,2,2,1),(
    -2.094395102393,0.,2.094395102393,4.188790204786,6.28318530718,
8.377580409573),.UNSPECIFIED.) CURVE() GEOMETRIC_REPRESENTATION_ITEM() 
RATIONAL_B_SPLINE_CURVE((1.,0.5,1.,0.5,1.,0.5,1.)) REPRESENTATION_ITEM(
  '') );
#807 = CARTESIAN_POINT('',(-2.55,25.980762113533));
#808 = CARTESIAN_POINT('',(-2.55,30.397491672834));
#809 = CARTESIAN_POINT('',(1.275,28.189126893183));
#810 = CARTESIAN_POINT('',(5.1,25.980762113533));
#811 = CARTESIAN_POINT('',(1.275,23.772397333883));
#812 = CARTESIAN_POINT('',(-2.55,21.564032554233));
#813 = CARTESIAN_POINT('',(-2.55,25.980762113533));
#814 = ( GEOMETRIC_REPRESENTATION_CONTEXT(2) 
PARAMETRIC_REPRESENTATION_CONTEXT() REPRESENTATION_CONTEXT('2D SPACE',''
  ) );
#815 = PCURVE('',#816,#821);
#816 = CONICAL_SURFACE('',#817,2.55,0.785398163397);
#817 = AXIS2_PLACEMENT_3D('',#818,#819,#820);
#818 = CARTESIAN_POINT('',(0.,25.980762113533,9.2));
#819 = DIRECTION('',(0.,0.,1.));
#820 = DIRECTION('',(-1.,0.,0.));
#821 = DEFINITIONAL_REPRESENTATION('',(#822),#826);
#822 = LINE('',#823,#824);
#823 = CARTESIAN_POINT('',(-0.,-0.));
#824 = VECTOR('',#825,1.);
#825 = DIRECTION('',(-1.,-0.));
#826 = ( GEOMETRIC_REPRESENTATION_CONTEXT(2) 
PARAMETRIC_REPRESENTATION_CONTEXT() REPRESENTATION_CONTEXT('2D SPACE',''
  ) );
#827 = FACE_BOUND('',#828,.T.);
#828 = EDGE_LOOP('',(#829));
#829 = ORIENTED_EDGE('',*,*,#830,.T.);
#830 = EDGE_CURVE('',#831,#831,#833,.T.);
#831 = VERTEX_POINT('',#832);
#832 = CARTESIAN_POINT('',(12.45,25.980762113533,9.2));
#833 = SURFACE_CURVE('',#834,(#839,#850),.PCURVE_S1.);
#834 = CIRCLE('',#835,2.55);
#835 = AXIS2_PLACEMENT_3D('',#836,#837,#838);
#836 = CARTESIAN_POINT('',(15.,25.980762113533,9.2));
#837 = DIRECTION('',(0.,0.,-1.));
#838 = DIRECTION('',(-1.,0.,0.));
#839 = PCURVE('',#100,#840);
#840 = DEFINITIONAL_REPRESENTATION('',(#841),#849);
#841 = ( BOUNDED_CURVE() B_SPLINE_CURVE(2,(#842,#843,#844,#845,#846,#847
,#848),.UNSPECIFIED.,.T.,.F.) B_SPLINE_CURVE_WITH_KNOTS((1,2,2,2,2,1),(
    -2.094395102393,0.,2.094395102393,4.188790204786,6.28318530718,
8.377580409573),.UNSPECIFIED.) CURVE() GEOMETRIC_REPRESENTATION_ITEM() 
RATIONAL_B_SPLINE_CURVE((1.,0.5,1.,0.5,1.,0.5,1.)) REPRESENTATION_ITEM(
  '') );
#842 = CARTESIAN_POINT('',(12.45,25.980762113533));
#843 = CARTESIAN_POINT('',(12.45,30.397491672834));
#844 = CARTESIAN_POINT('',(16.275,28.189126893183));
#845 = CARTESIAN_POINT('',(20.1,25.980762113533));
#846 = CARTESIAN_POINT('',(16.275,23.772397333883));
#847 = CARTESIAN_POINT('',(12.45,21.564032554233));
#848 = CARTESIAN_POINT('',(12.45,25.980762113533));
#849 = ( GEOMETRIC_REPRESENTATION_CONTEXT(2) 
PARAMETRIC_REPRESENTATION_CONTEXT() REPRESENTATION_CONTEXT('2D SPACE',''
  ) );
#850 = PCURVE('',#851,#856);
#851 = CONICAL_SURFACE('',#852,2.55,0.785398163397);
#852 = AXIS2_PLACEMENT_3D('',#853,#854,#855);
#853 = CARTESIAN_POINT('',(15.,25.980762113533,9.2));
#854 = DIRECTION('',(0.,0.,1.));
#855 = DIRECTION('',(-1.,0.,0.));
#856 = DEFINITIONAL_REPRESENTATION('',(#857),#861);
#857 = LINE('',#858,#859);
#858 = CARTESIAN_POINT('',(-0.,-0.));
#859 = VECTOR('',#860,1.);
#860 = DIRECTION('',(-1.,-0.));
#861 = ( GEOMETRIC_REPRESENTATION_CONTEXT(2) 
PARAMETRIC_REPRESENTATION_CONTEXT() REPRESENTATION_CONTEXT('2D SPACE',''
  ) );
#862 = ADVANCED_FACE('',(#863),#221,.F.);
#863 = FACE_BOUND('',#864,.F.);
#864 = EDGE_LOOP('',(#865,#894,#915,#916));
#865 = ORIENTED_EDGE('',*,*,#866,.F.);
#866 = EDGE_CURVE('',#867,#867,#869,.T.);
#867 = VERTEX_POINT('',#868);
#868 = CARTESIAN_POINT('',(-16.75,-25.98076211353,8.4));
#869 = SURFACE_CURVE('',#870,(#875,#882),.PCURVE_S1.);
#870 = CIRCLE('',#871,1.75);
#871 = AXIS2_PLACEMENT_3D('',#872,#873,#874);
#872 = CARTESIAN_POINT('',(-15.,-25.98076211353,8.4));
#873 = DIRECTION('',(0.,0.,-1.));
#874 = DIRECTION('',(0.,1.,0.));
#875 = PCURVE('',#221,#876);
#876 = DEFINITIONAL_REPRESENTATION('',(#877),#881);
#877 = LINE('',#878,#879);
#878 = CARTESIAN_POINT('',(4.712388980385,-0.8));
#879 = VECTOR('',#880,1.);
#880 = DIRECTION('',(-1.,-0.));
#881 = ( GEOMETRIC_REPRESENTATION_CONTEXT(2) 
PARAMETRIC_REPRESENTATION_CONTEXT() REPRESENTATION_CONTEXT('2D SPACE',''
  ) );
#882 = PCURVE('',#883,#888);
#883 = CYLINDRICAL_SURFACE('',#884,1.75);
#884 = AXIS2_PLACEMENT_3D('',#885,#886,#887);
#885 = CARTESIAN_POINT('',(-15.,-25.98076211353,9.2));
#886 = DIRECTION('',(0.,0.,-1.));
#887 = DIRECTION('',(-1.,0.,0.));
#888 = DEFINITIONAL_REPRESENTATION('',(#889),#893);
#889 = LINE('',#890,#891);
#890 = CARTESIAN_POINT('',(-4.712388980385,0.8));
#891 = VECTOR('',#892,1.);
#892 = DIRECTION('',(1.,0.));
#893 = ( GEOMETRIC_REPRESENTATION_CONTEXT(2) 
PARAMETRIC_REPRESENTATION_CONTEXT() REPRESENTATION_CONTEXT('2D SPACE',''
  ) );
#894 = ORIENTED_EDGE('',*,*,#895,.F.);
#895 = EDGE_CURVE('',#201,#867,#896,.T.);
#896 = SEAM_CURVE('',#897,(#901,#908),.PCURVE_S1.);
#897 = LINE('',#898,#899);
#898 = CARTESIAN_POINT('',(-17.55,-25.98076211353,9.2));
#899 = VECTOR('',#900,1.);
#900 = DIRECTION('',(0.707106781187,1.731912112471E-16,-0.707106781187)
  );
#901 = PCURVE('',#221,#902);
#902 = DEFINITIONAL_REPRESENTATION('',(#903),#907);
#903 = LINE('',#904,#905);
#904 = CARTESIAN_POINT('',(-6.28318530718,0.));
#905 = VECTOR('',#906,1.);
#906 = DIRECTION('',(-0.,-1.));
#907 = ( GEOMETRIC_REPRESENTATION_CONTEXT(2) 
PARAMETRIC_REPRESENTATION_CONTEXT() REPRESENTATION_CONTEXT('2D SPACE',''
  ) );
#908 = PCURVE('',#221,#909);
#909 = DEFINITIONAL_REPRESENTATION('',(#910),#914);
#910 = LINE('',#911,#912);
#911 = CARTESIAN_POINT('',(0.,-0.));
#912 = VECTOR('',#913,1.);
#913 = DIRECTION('',(-0.,-1.));
#914 = ( GEOMETRIC_REPRESENTATION_CONTEXT(2) 
PARAMETRIC_REPRESENTATION_CONTEXT() REPRESENTATION_CONTEXT('2D SPACE',''
  ) );
#915 = ORIENTED_EDGE('',*,*,#200,.T.);
#916 = ORIENTED_EDGE('',*,*,#895,.T.);
#917 = ADVANCED_FACE('',(#918),#256,.F.);
#918 = FACE_BOUND('',#919,.F.);
#919 = EDGE_LOOP('',(#920,#949,#970,#971));
#920 = ORIENTED_EDGE('',*,*,#921,.F.);
#921 = EDGE_CURVE('',#922,#922,#924,.T.);
#922 = VERTEX_POINT('',#923);
#923 = CARTESIAN_POINT('',(-24.25,-12.99038105676,8.4));
#924 = SURFACE_CURVE('',#925,(#930,#937),.PCURVE_S1.);
#925 = CIRCLE('',#926,1.75);
#926 = AXIS2_PLACEMENT_3D('',#927,#928,#929);
#927 = CARTESIAN_POINT('',(-22.5,-12.99038105676,8.4));
#928 = DIRECTION('',(0.,0.,-1.));
#929 = DIRECTION('',(0.,1.,0.));
#930 = PCURVE('',#256,#931);
#931 = DEFINITIONAL_REPRESENTATION('',(#932),#936);
#932 = LINE('',#933,#934);
#933 = CARTESIAN_POINT('',(4.712388980385,-0.8));
#934 = VECTOR('',#935,1.);
#935 = DIRECTION('',(-1.,-0.));
#936 = ( GEOMETRIC_REPRESENTATION_CONTEXT(2) 
PARAMETRIC_REPRESENTATION_CONTEXT() REPRESENTATION_CONTEXT('2D SPACE',''
  ) );
#937 = PCURVE('',#938,#943);
#938 = CYLINDRICAL_SURFACE('',#939,1.75);
#939 = AXIS2_PLACEMENT_3D('',#940,#941,#942);
#940 = CARTESIAN_POINT('',(-22.5,-12.99038105676,9.2));
#941 = DIRECTION('',(0.,0.,-1.));
#942 = DIRECTION('',(-1.,0.,0.));
#943 = DEFINITIONAL_REPRESENTATION('',(#944),#948);
#944 = LINE('',#945,#946);
#945 = CARTESIAN_POINT('',(-4.712388980385,0.8));
#946 = VECTOR('',#947,1.);
#947 = DIRECTION('',(1.,0.));
#948 = ( GEOMETRIC_REPRESENTATION_CONTEXT(2) 
PARAMETRIC_REPRESENTATION_CONTEXT() REPRESENTATION_CONTEXT('2D SPACE',''
  ) );
#949 = ORIENTED_EDGE('',*,*,#950,.F.);
#950 = EDGE_CURVE('',#236,#922,#951,.T.);
#951 = SEAM_CURVE('',#952,(#956,#963),.PCURVE_S1.);
#952 = LINE('',#953,#954);
#953 = CARTESIAN_POINT('',(-25.05,-12.99038105676,9.2));
#954 = VECTOR('',#955,1.);
#955 = DIRECTION('',(0.707106781187,1.731912112471E-16,-0.707106781187)
  );
#956 = PCURVE('',#256,#957);
#957 = DEFINITIONAL_REPRESENTATION('',(#958),#962);
#958 = LINE('',#959,#960);
#959 = CARTESIAN_POINT('',(-6.28318530718,0.));
#960 = VECTOR('',#961,1.);
#961 = DIRECTION('',(-0.,-1.));
#962 = ( GEOMETRIC_REPRESENTATION_CONTEXT(2) 
PARAMETRIC_REPRESENTATION_CONTEXT() REPRESENTATION_CONTEXT('2D SPACE',''
  ) );
#963 = PCURVE('',#256,#964);
#964 = DEFINITIONAL_REPRESENTATION('',(#965),#969);
#965 = LINE('',#966,#967);
#966 = CARTESIAN_POINT('',(0.,-0.));
#967 = VECTOR('',#968,1.);
#968 = DIRECTION('',(-0.,-1.));
#969 = ( GEOMETRIC_REPRESENTATION_CONTEXT(2) 
PARAMETRIC_REPRESENTATION_CONTEXT() REPRESENTATION_CONTEXT('2D SPACE',''
  ) );
#970 = ORIENTED_EDGE('',*,*,#235,.T.);
#971 = ORIENTED_EDGE('',*,*,#950,.T.);
#972 = ADVANCED_FACE('',(#973),#291,.F.);
#973 = FACE_BOUND('',#974,.F.);
#974 = EDGE_LOOP('',(#975,#1004,#1025,#1026));
#975 = ORIENTED_EDGE('',*,*,#976,.F.);
#976 = EDGE_CURVE('',#977,#977,#979,.T.);
#977 = VERTEX_POINT('',#978);
#978 = CARTESIAN_POINT('',(-9.25,-12.99038105676,8.4));
#979 = SURFACE_CURVE('',#980,(#985,#992),.PCURVE_S1.);
#980 = CIRCLE('',#981,1.75);
#981 = AXIS2_PLACEMENT_3D('',#982,#983,#984);
#982 = CARTESIAN_POINT('',(-7.5,-12.99038105676,8.4));
#983 = DIRECTION('',(0.,0.,-1.));
#984 = DIRECTION('',(0.,1.,0.));
#985 = PCURVE('',#291,#986);
#986 = DEFINITIONAL_REPRESENTATION('',(#987),#991);
#987 = LINE('',#988,#989);
#988 = CARTESIAN_POINT('',(4.712388980385,-0.8));
#989 = VECTOR('',#990,1.);
#990 = DIRECTION('',(-1.,-0.));
#991 = ( GEOMETRIC_REPRESENTATION_CONTEXT(2) 
PARAMETRIC_REPRESENTATION_CONTEXT() REPRESENTATION_CONTEXT('2D SPACE',''
  ) );
#992 = PCURVE('',#993,#998);
#993 = CYLINDRICAL_SURFACE('',#994,1.75);
#994 = AXIS2_PLACEMENT_3D('',#995,#996,#997);
#995 = CARTESIAN_POINT('',(-7.5,-12.99038105676,9.2));
#996 = DIRECTION('',(0.,0.,-1.));
#997 = DIRECTION('',(-1.,0.,0.));
#998 = DEFINITIONAL_REPRESENTATION('',(#999),#1003);
#999 = LINE('',#1000,#1001);
#1000 = CARTESIAN_POINT('',(-4.712388980385,0.8));
#1001 = VECTOR('',#1002,1.);
#1002 = DIRECTION('',(1.,0.));
#1003 = ( GEOMETRIC_REPRESENTATION_CONTEXT(2) 
PARAMETRIC_REPRESENTATION_CONTEXT() REPRESENTATION_CONTEXT('2D SPACE',''
  ) );
#1004 = ORIENTED_EDGE('',*,*,#1005,.F.);
#1005 = EDGE_CURVE('',#271,#977,#1006,.T.);
#1006 = SEAM_CURVE('',#1007,(#1011,#1018),.PCURVE_S1.);
#1007 = LINE('',#1008,#1009);
#1008 = CARTESIAN_POINT('',(-10.05,-12.99038105676,9.2));
#1009 = VECTOR('',#1010,1.);
#1010 = DIRECTION('',(0.707106781187,1.731912112471E-16,-0.707106781187)
  );
#1011 = PCURVE('',#291,#1012);
#1012 = DEFINITIONAL_REPRESENTATION('',(#1013),#1017);
#1013 = LINE('',#1014,#1015);
#1014 = CARTESIAN_POINT('',(-6.28318530718,0.));
#1015 = VECTOR('',#1016,1.);
#1016 = DIRECTION('',(-0.,-1.));
#1017 = ( GEOMETRIC_REPRESENTATION_CONTEXT(2) 
PARAMETRIC_REPRESENTATION_CONTEXT() REPRESENTATION_CONTEXT('2D SPACE',''
  ) );
#1018 = PCURVE('',#291,#1019);
#1019 = DEFINITIONAL_REPRESENTATION('',(#1020),#1024);
#1020 = LINE('',#1021,#1022);
#1021 = CARTESIAN_POINT('',(0.,-0.));
#1022 = VECTOR('',#1023,1.);
#1023 = DIRECTION('',(-0.,-1.));
#1024 = ( GEOMETRIC_REPRESENTATION_CONTEXT(2) 
PARAMETRIC_REPRESENTATION_CONTEXT() REPRESENTATION_CONTEXT('2D SPACE',''
  ) );
#1025 = ORIENTED_EDGE('',*,*,#270,.T.);
#1026 = ORIENTED_EDGE('',*,*,#1005,.T.);
#1027 = ADVANCED_FACE('',(#1028),#326,.F.);
#1028 = FACE_BOUND('',#1029,.F.);
#1029 = EDGE_LOOP('',(#1030,#1059,#1080,#1081));
#1030 = ORIENTED_EDGE('',*,*,#1031,.F.);
#1031 = EDGE_CURVE('',#1032,#1032,#1034,.T.);
#1032 = VERTEX_POINT('',#1033);
#1033 = CARTESIAN_POINT('',(-1.75,-25.98076211353,8.4));
#1034 = SURFACE_CURVE('',#1035,(#1040,#1047),.PCURVE_S1.);
#1035 = CIRCLE('',#1036,1.75);
#1036 = AXIS2_PLACEMENT_3D('',#1037,#1038,#1039);
#1037 = CARTESIAN_POINT('',(0.,-25.98076211353,8.4));
#1038 = DIRECTION('',(0.,0.,-1.));
#1039 = DIRECTION('',(0.,1.,0.));
#1040 = PCURVE('',#326,#1041);
#1041 = DEFINITIONAL_REPRESENTATION('',(#1042),#1046);
#1042 = LINE('',#1043,#1044);
#1043 = CARTESIAN_POINT('',(4.712388980385,-0.8));
#1044 = VECTOR('',#1045,1.);
#1045 = DIRECTION('',(-1.,-0.));
#1046 = ( GEOMETRIC_REPRESENTATION_CONTEXT(2) 
PARAMETRIC_REPRESENTATION_CONTEXT() REPRESENTATION_CONTEXT('2D SPACE',''
  ) );
#1047 = PCURVE('',#1048,#1053);
#1048 = CYLINDRICAL_SURFACE('',#1049,1.75);
#1049 = AXIS2_PLACEMENT_3D('',#1050,#1051,#1052);
#1050 = CARTESIAN_POINT('',(0.,-25.98076211353,9.2));
#1051 = DIRECTION('',(0.,0.,-1.));
#1052 = DIRECTION('',(-1.,0.,0.));
#1053 = DEFINITIONAL_REPRESENTATION('',(#1054),#1058);
#1054 = LINE('',#1055,#1056);
#1055 = CARTESIAN_POINT('',(-4.712388980385,0.8));
#1056 = VECTOR('',#1057,1.);
#1057 = DIRECTION('',(1.,0.));
#1058 = ( GEOMETRIC_REPRESENTATION_CONTEXT(2) 
PARAMETRIC_REPRESENTATION_CONTEXT() REPRESENTATION_CONTEXT('2D SPACE',''
  ) );
#1059 = ORIENTED_EDGE('',*,*,#1060,.F.);
#1060 = EDGE_CURVE('',#306,#1032,#1061,.T.);
#1061 = SEAM_CURVE('',#1062,(#1066,#1073),.PCURVE_S1.);
#1062 = LINE('',#1063,#1064);
#1063 = CARTESIAN_POINT('',(-2.55,-25.98076211353,9.2));
#1064 = VECTOR('',#1065,1.);
#1065 = DIRECTION('',(0.707106781187,1.731912112471E-16,-0.707106781187)
  );
#1066 = PCURVE('',#326,#1067);
#1067 = DEFINITIONAL_REPRESENTATION('',(#1068),#1072);
#1068 = LINE('',#1069,#1070);
#1069 = CARTESIAN_POINT('',(-6.28318530718,0.));
#1070 = VECTOR('',#1071,1.);
#1071 = DIRECTION('',(-0.,-1.));
#1072 = ( GEOMETRIC_REPRESENTATION_CONTEXT(2) 
PARAMETRIC_REPRESENTATION_CONTEXT() REPRESENTATION_CONTEXT('2D SPACE',''
  ) );
#1073 = PCURVE('',#326,#1074);
#1074 = DEFINITIONAL_REPRESENTATION('',(#1075),#1079);
#1075 = LINE('',#1076,#1077);
#1076 = CARTESIAN_POINT('',(0.,-0.));
#1077 = VECTOR('',#1078,1.);
#1078 = DIRECTION('',(-0.,-1.));
#1079 = ( GEOMETRIC_REPRESENTATION_CONTEXT(2) 
PARAMETRIC_REPRESENTATION_CONTEXT() REPRESENTATION_CONTEXT('2D SPACE',''
  ) );
#1080 = ORIENTED_EDGE('',*,*,#305,.T.);
#1081 = ORIENTED_EDGE('',*,*,#1060,.T.);
#1082 = ADVANCED_FACE('',(#1083),#361,.F.);
#1083 = FACE_BOUND('',#1084,.F.);
#1084 = EDGE_LOOP('',(#1085,#1114,#1135,#1136));
#1085 = ORIENTED_EDGE('',*,*,#1086,.F.);
#1086 = EDGE_CURVE('',#1087,#1087,#1089,.T.);
#1087 = VERTEX_POINT('',#1088);
#1088 = CARTESIAN_POINT('',(13.25,-25.98076211353,8.4));
#1089 = SURFACE_CURVE('',#1090,(#1095,#1102),.PCURVE_S1.);
#1090 = CIRCLE('',#1091,1.75);
#1091 = AXIS2_PLACEMENT_3D('',#1092,#1093,#1094);
#1092 = CARTESIAN_POINT('',(15.,-25.98076211353,8.4));
#1093 = DIRECTION('',(0.,0.,-1.));
#1094 = DIRECTION('',(0.,1.,0.));
#1095 = PCURVE('',#361,#1096);
#1096 = DEFINITIONAL_REPRESENTATION('',(#1097),#1101);
#1097 = LINE('',#1098,#1099);
#1098 = CARTESIAN_POINT('',(4.712388980385,-0.8));
#1099 = VECTOR('',#1100,1.);
#1100 = DIRECTION('',(-1.,-0.));
#1101 = ( GEOMETRIC_REPRESENTATION_CONTEXT(2) 
PARAMETRIC_REPRESENTATION_CONTEXT() REPRESENTATION_CONTEXT('2D SPACE',''
  ) );
#1102 = PCURVE('',#1103,#1108);
#1103 = CYLINDRICAL_SURFACE('',#1104,1.75);
#1104 = AXIS2_PLACEMENT_3D('',#1105,#1106,#1107);
#1105 = CARTESIAN_POINT('',(15.,-25.98076211353,9.2));
#1106 = DIRECTION('',(0.,0.,-1.));
#1107 = DIRECTION('',(-1.,0.,0.));
#1108 = DEFINITIONAL_REPRESENTATION('',(#1109),#1113);
#1109 = LINE('',#1110,#1111);
#1110 = CARTESIAN_POINT('',(-4.712388980385,0.8));
#1111 = VECTOR('',#1112,1.);
#1112 = DIRECTION('',(1.,0.));
#1113 = ( GEOMETRIC_REPRESENTATION_CONTEXT(2) 
PARAMETRIC_REPRESENTATION_CONTEXT() REPRESENTATION_CONTEXT('2D SPACE',''
  ) );
#1114 = ORIENTED_EDGE('',*,*,#1115,.F.);
#1115 = EDGE_CURVE('',#341,#1087,#1116,.T.);
#1116 = SEAM_CURVE('',#1117,(#1121,#1128),.PCURVE_S1.);
#1117 = LINE('',#1118,#1119);
#1118 = CARTESIAN_POINT('',(12.45,-25.98076211353,9.2));
#1119 = VECTOR('',#1120,1.);
#1120 = DIRECTION('',(0.707106781187,1.731912112471E-16,-0.707106781187)
  );
#1121 = PCURVE('',#361,#1122);
#1122 = DEFINITIONAL_REPRESENTATION('',(#1123),#1127);
#1123 = LINE('',#1124,#1125);
#1124 = CARTESIAN_POINT('',(-6.28318530718,0.));
#1125 = VECTOR('',#1126,1.);
#1126 = DIRECTION('',(-0.,-1.));
#1127 = ( GEOMETRIC_REPRESENTATION_CONTEXT(2) 
PARAMETRIC_REPRESENTATION_CONTEXT() REPRESENTATION_CONTEXT('2D SPACE',''
  ) );
#1128 = PCURVE('',#361,#1129);
#1129 = DEFINITIONAL_REPRESENTATION('',(#1130),#1134);
#1130 = LINE('',#1131,#1132);
#1131 = CARTESIAN_POINT('',(0.,-0.));
#1132 = VECTOR('',#1133,1.);
#1133 = DIRECTION('',(-0.,-1.));
#1134 = ( GEOMETRIC_REPRESENTATION_CONTEXT(2) 
PARAMETRIC_REPRESENTATION_CONTEXT() REPRESENTATION_CONTEXT('2D SPACE',''
  ) );
#1135 = ORIENTED_EDGE('',*,*,#340,.T.);
#1136 = ORIENTED_EDGE('',*,*,#1115,.T.);
#1137 = ADVANCED_FACE('',(#1138),#396,.F.);
#1138 = FACE_BOUND('',#1139,.F.);
#1139 = EDGE_LOOP('',(#1140,#1169,#1190,#1191));
#1140 = ORIENTED_EDGE('',*,*,#1141,.F.);
#1141 = EDGE_CURVE('',#1142,#1142,#1144,.T.);
#1142 = VERTEX_POINT('',#1143);
#1143 = CARTESIAN_POINT('',(5.75,-12.99038105676,8.4));
#1144 = SURFACE_CURVE('',#1145,(#1150,#1157),.PCURVE_S1.);
#1145 = CIRCLE('',#1146,1.75);
#1146 = AXIS2_PLACEMENT_3D('',#1147,#1148,#1149);
#1147 = CARTESIAN_POINT('',(7.5,-12.99038105676,8.4));
#1148 = DIRECTION('',(0.,0.,-1.));
#1149 = DIRECTION('',(0.,1.,0.));
#1150 = PCURVE('',#396,#1151);
#1151 = DEFINITIONAL_REPRESENTATION('',(#1152),#1156);
#1152 = LINE('',#1153,#1154);
#1153 = CARTESIAN_POINT('',(4.712388980385,-0.8));
#1154 = VECTOR('',#1155,1.);
#1155 = DIRECTION('',(-1.,-0.));
#1156 = ( GEOMETRIC_REPRESENTATION_CONTEXT(2) 
PARAMETRIC_REPRESENTATION_CONTEXT() REPRESENTATION_CONTEXT('2D SPACE',''
  ) );
#1157 = PCURVE('',#1158,#1163);
#1158 = CYLINDRICAL_SURFACE('',#1159,1.75);
#1159 = AXIS2_PLACEMENT_3D('',#1160,#1161,#1162);
#1160 = CARTESIAN_POINT('',(7.5,-12.99038105676,9.2));
#1161 = DIRECTION('',(0.,0.,-1.));
#1162 = DIRECTION('',(-1.,0.,0.));
#1163 = DEFINITIONAL_REPRESENTATION('',(#1164),#1168);
#1164 = LINE('',#1165,#1166);
#1165 = CARTESIAN_POINT('',(-4.712388980385,0.8));
#1166 = VECTOR('',#1167,1.);
#1167 = DIRECTION('',(1.,0.));
#1168 = ( GEOMETRIC_REPRESENTATION_CONTEXT(2) 
PARAMETRIC_REPRESENTATION_CONTEXT() REPRESENTATION_CONTEXT('2D SPACE',''
  ) );
#1169 = ORIENTED_EDGE('',*,*,#1170,.F.);
#1170 = EDGE_CURVE('',#376,#1142,#1171,.T.);
#1171 = SEAM_CURVE('',#1172,(#1176,#1183),.PCURVE_S1.);
#1172 = LINE('',#1173,#1174);
#1173 = CARTESIAN_POINT('',(4.95,-12.99038105676,9.2));
#1174 = VECTOR('',#1175,1.);
#1175 = DIRECTION('',(0.707106781187,1.731912112471E-16,-0.707106781187)
  );
#1176 = PCURVE('',#396,#1177);
#1177 = DEFINITIONAL_REPRESENTATION('',(#1178),#1182);
#1178 = LINE('',#1179,#1180);
#1179 = CARTESIAN_POINT('',(-6.28318530718,0.));
#1180 = VECTOR('',#1181,1.);
#1181 = DIRECTION('',(-0.,-1.));
#1182 = ( GEOMETRIC_REPRESENTATION_CONTEXT(2) 
PARAMETRIC_REPRESENTATION_CONTEXT() REPRESENTATION_CONTEXT('2D SPACE',''
  ) );
#1183 = PCURVE('',#396,#1184);
#1184 = DEFINITIONAL_REPRESENTATION('',(#1185),#1189);
#1185 = LINE('',#1186,#1187);
#1186 = CARTESIAN_POINT('',(0.,-0.));
#1187 = VECTOR('',#1188,1.);
#1188 = DIRECTION('',(-0.,-1.));
#1189 = ( GEOMETRIC_REPRESENTATION_CONTEXT(2) 
PARAMETRIC_REPRESENTATION_CONTEXT() REPRESENTATION_CONTEXT('2D SPACE',''
  ) );
#1190 = ORIENTED_EDGE('',*,*,#375,.T.);
#1191 = ORIENTED_EDGE('',*,*,#1170,.T.);
#1192 = ADVANCED_FACE('',(#1193),#431,.F.);
#1193 = FACE_BOUND('',#1194,.F.);
#1194 = EDGE_LOOP('',(#1195,#1224,#1245,#1246));
#1195 = ORIENTED_EDGE('',*,*,#1196,.F.);
#1196 = EDGE_CURVE('',#1197,#1197,#1199,.T.);
#1197 = VERTEX_POINT('',#1198);
#1198 = CARTESIAN_POINT('',(20.75,-12.99038105676,8.4));
#1199 = SURFACE_CURVE('',#1200,(#1205,#1212),.PCURVE_S1.);
#1200 = CIRCLE('',#1201,1.75);
#1201 = AXIS2_PLACEMENT_3D('',#1202,#1203,#1204);
#1202 = CARTESIAN_POINT('',(22.5,-12.99038105676,8.4));
#1203 = DIRECTION('',(0.,0.,-1.));
#1204 = DIRECTION('',(0.,1.,0.));
#1205 = PCURVE('',#431,#1206);
#1206 = DEFINITIONAL_REPRESENTATION('',(#1207),#1211);
#1207 = LINE('',#1208,#1209);
#1208 = CARTESIAN_POINT('',(4.712388980385,-0.8));
#1209 = VECTOR('',#1210,1.);
#1210 = DIRECTION('',(-1.,-0.));
#1211 = ( GEOMETRIC_REPRESENTATION_CONTEXT(2) 
PARAMETRIC_REPRESENTATION_CONTEXT() REPRESENTATION_CONTEXT('2D SPACE',''
  ) );
#1212 = PCURVE('',#1213,#1218);
#1213 = CYLINDRICAL_SURFACE('',#1214,1.75);
#1214 = AXIS2_PLACEMENT_3D('',#1215,#1216,#1217);
#1215 = CARTESIAN_POINT('',(22.5,-12.99038105676,9.2));
#1216 = DIRECTION('',(0.,0.,-1.));
#1217 = DIRECTION('',(-1.,0.,0.));
#1218 = DEFINITIONAL_REPRESENTATION('',(#1219),#1223);
#1219 = LINE('',#1220,#1221);
#1220 = CARTESIAN_POINT('',(-4.712388980385,0.8));
#1221 = VECTOR('',#1222,1.);
#1222 = DIRECTION('',(1.,0.));
#1223 = ( GEOMETRIC_REPRESENTATION_CONTEXT(2) 
PARAMETRIC_REPRESENTATION_CONTEXT() REPRESENTATION_CONTEXT('2D SPACE',''
  ) );
#1224 = ORIENTED_EDGE('',*,*,#1225,.F.);
#1225 = EDGE_CURVE('',#411,#1197,#1226,.T.);
#1226 = SEAM_CURVE('',#1227,(#1231,#1238),.PCURVE_S1.);
#1227 = LINE('',#1228,#1229);
#1228 = CARTESIAN_POINT('',(19.95,-12.99038105676,9.2));
#1229 = VECTOR('',#1230,1.);
#1230 = DIRECTION('',(0.707106781187,1.731912112471E-16,-0.707106781187)
  );
#1231 = PCURVE('',#431,#1232);
#1232 = DEFINITIONAL_REPRESENTATION('',(#1233),#1237);
#1233 = LINE('',#1234,#1235);
#1234 = CARTESIAN_POINT('',(-6.28318530718,0.));
#1235 = VECTOR('',#1236,1.);
#1236 = DIRECTION('',(-0.,-1.));
#1237 = ( GEOMETRIC_REPRESENTATION_CONTEXT(2) 
PARAMETRIC_REPRESENTATION_CONTEXT() REPRESENTATION_CONTEXT('2D SPACE',''
  ) );
#1238 = PCURVE('',#431,#1239);
#1239 = DEFINITIONAL_REPRESENTATION('',(#1240),#1244);
#1240 = LINE('',#1241,#1242);
#1241 = CARTESIAN_POINT('',(0.,-0.));
#1242 = VECTOR('',#1243,1.);
#1243 = DIRECTION('',(-0.,-1.));
#1244 = ( GEOMETRIC_REPRESENTATION_CONTEXT(2) 
PARAMETRIC_REPRESENTATION_CONTEXT() REPRESENTATION_CONTEXT('2D SPACE',''
  ) );
#1245 = ORIENTED_EDGE('',*,*,#410,.T.);
#1246 = ORIENTED_EDGE('',*,*,#1225,.T.);
#1247 = ADVANCED_FACE('',(#1248),#466,.F.);
#1248 = FACE_BOUND('',#1249,.F.);
#1249 = EDGE_LOOP('',(#1250,#1279,#1300,#1301));
#1250 = ORIENTED_EDGE('',*,*,#1251,.F.);
#1251 = EDGE_CURVE('',#1252,#1252,#1254,.T.);
#1252 = VERTEX_POINT('',#1253);
#1253 = CARTESIAN_POINT('',(-31.75,-4.286263797016E-16,8.4));
#1254 = SURFACE_CURVE('',#1255,(#1260,#1267),.PCURVE_S1.);
#1255 = CIRCLE('',#1256,1.75);
#1256 = AXIS2_PLACEMENT_3D('',#1257,#1258,#1259);
#1257 = CARTESIAN_POINT('',(-30.,0.,8.4));
#1258 = DIRECTION('',(0.,0.,-1.));
#1259 = DIRECTION('',(0.,1.,0.));
#1260 = PCURVE('',#466,#1261);
#1261 = DEFINITIONAL_REPRESENTATION('',(#1262),#1266);
#1262 = LINE('',#1263,#1264);
#1263 = CARTESIAN_POINT('',(4.712388980385,-0.8));
#1264 = VECTOR('',#1265,1.);
#1265 = DIRECTION('',(-1.,-0.));
#1266 = ( GEOMETRIC_REPRESENTATION_CONTEXT(2) 
PARAMETRIC_REPRESENTATION_CONTEXT() REPRESENTATION_CONTEXT('2D SPACE',''
  ) );
#1267 = PCURVE('',#1268,#1273);
#1268 = CYLINDRICAL_SURFACE('',#1269,1.75);
#1269 = AXIS2_PLACEMENT_3D('',#1270,#1271,#1272);
#1270 = CARTESIAN_POINT('',(-30.,0.,9.2));
#1271 = DIRECTION('',(0.,0.,-1.));
#1272 = DIRECTION('',(-1.,0.,0.));
#1273 = DEFINITIONAL_REPRESENTATION('',(#1274),#1278);
#1274 = LINE('',#1275,#1276);
#1275 = CARTESIAN_POINT('',(-4.712388980385,0.8));
#1276 = VECTOR('',#1277,1.);
#1277 = DIRECTION('',(1.,0.));
#1278 = ( GEOMETRIC_REPRESENTATION_CONTEXT(2) 
PARAMETRIC_REPRESENTATION_CONTEXT() REPRESENTATION_CONTEXT('2D SPACE',''
  ) );
#1279 = ORIENTED_EDGE('',*,*,#1280,.F.);
#1280 = EDGE_CURVE('',#446,#1252,#1281,.T.);
#1281 = SEAM_CURVE('',#1282,(#1286,#1293),.PCURVE_S1.);
#1282 = LINE('',#1283,#1284);
#1283 = CARTESIAN_POINT('',(-32.55,-6.245698675652E-16,9.2));
#1284 = VECTOR('',#1285,1.);
#1285 = DIRECTION('',(0.707106781187,1.731912112471E-16,-0.707106781187)
  );
#1286 = PCURVE('',#466,#1287);
#1287 = DEFINITIONAL_REPRESENTATION('',(#1288),#1292);
#1288 = LINE('',#1289,#1290);
#1289 = CARTESIAN_POINT('',(-6.28318530718,0.));
#1290 = VECTOR('',#1291,1.);
#1291 = DIRECTION('',(-0.,-1.));
#1292 = ( GEOMETRIC_REPRESENTATION_CONTEXT(2) 
PARAMETRIC_REPRESENTATION_CONTEXT() REPRESENTATION_CONTEXT('2D SPACE',''
  ) );
#1293 = PCURVE('',#466,#1294);
#1294 = DEFINITIONAL_REPRESENTATION('',(#1295),#1299);
#1295 = LINE('',#1296,#1297);
#1296 = CARTESIAN_POINT('',(0.,-0.));
#1297 = VECTOR('',#1298,1.);
#1298 = DIRECTION('',(-0.,-1.));
#1299 = ( GEOMETRIC_REPRESENTATION_CONTEXT(2) 
PARAMETRIC_REPRESENTATION_CONTEXT() REPRESENTATION_CONTEXT('2D SPACE',''
  ) );
#1300 = ORIENTED_EDGE('',*,*,#445,.T.);
#1301 = ORIENTED_EDGE('',*,*,#1280,.T.);
#1302 = ADVANCED_FACE('',(#1303),#501,.F.);
#1303 = FACE_BOUND('',#1304,.F.);
#1304 = EDGE_LOOP('',(#1305,#1334,#1355,#1356));
#1305 = ORIENTED_EDGE('',*,*,#1306,.F.);
#1306 = EDGE_CURVE('',#1307,#1307,#1309,.T.);
#1307 = VERTEX_POINT('',#1308);
#1308 = CARTESIAN_POINT('',(-24.25,12.990381056767,8.4));
#1309 = SURFACE_CURVE('',#1310,(#1315,#1322),.PCURVE_S1.);
#1310 = CIRCLE('',#1311,1.75);
#1311 = AXIS2_PLACEMENT_3D('',#1312,#1313,#1314);
#1312 = CARTESIAN_POINT('',(-22.5,12.990381056767,8.4));
#1313 = DIRECTION('',(0.,0.,-1.));
#1314 = DIRECTION('',(0.,1.,0.));
#1315 = PCURVE('',#501,#1316);
#1316 = DEFINITIONAL_REPRESENTATION('',(#1317),#1321);
#1317 = LINE('',#1318,#1319);
#1318 = CARTESIAN_POINT('',(4.712388980385,-0.8));
#1319 = VECTOR('',#1320,1.);
#1320 = DIRECTION('',(-1.,-0.));
#1321 = ( GEOMETRIC_REPRESENTATION_CONTEXT(2) 
PARAMETRIC_REPRESENTATION_CONTEXT() REPRESENTATION_CONTEXT('2D SPACE',''
  ) );
#1322 = PCURVE('',#1323,#1328);
#1323 = CYLINDRICAL_SURFACE('',#1324,1.75);
#1324 = AXIS2_PLACEMENT_3D('',#1325,#1326,#1327);
#1325 = CARTESIAN_POINT('',(-22.5,12.990381056767,9.2));
#1326 = DIRECTION('',(0.,0.,-1.));
#1327 = DIRECTION('',(-1.,0.,0.));
#1328 = DEFINITIONAL_REPRESENTATION('',(#1329),#1333);
#1329 = LINE('',#1330,#1331);
#1330 = CARTESIAN_POINT('',(-4.712388980385,0.8));
#1331 = VECTOR('',#1332,1.);
#1332 = DIRECTION('',(1.,0.));
#1333 = ( GEOMETRIC_REPRESENTATION_CONTEXT(2) 
PARAMETRIC_REPRESENTATION_CONTEXT() REPRESENTATION_CONTEXT('2D SPACE',''
  ) );
#1334 = ORIENTED_EDGE('',*,*,#1335,.F.);
#1335 = EDGE_CURVE('',#481,#1307,#1336,.T.);
#1336 = SEAM_CURVE('',#1337,(#1341,#1348),.PCURVE_S1.);
#1337 = LINE('',#1338,#1339);
#1338 = CARTESIAN_POINT('',(-25.05,12.990381056767,9.2));
#1339 = VECTOR('',#1340,1.);
#1340 = DIRECTION('',(0.707106781187,1.731912112471E-16,-0.707106781187)
  );
#1341 = PCURVE('',#501,#1342);
#1342 = DEFINITIONAL_REPRESENTATION('',(#1343),#1347);
#1343 = LINE('',#1344,#1345);
#1344 = CARTESIAN_POINT('',(-6.28318530718,0.));
#1345 = VECTOR('',#1346,1.);
#1346 = DIRECTION('',(-0.,-1.));
#1347 = ( GEOMETRIC_REPRESENTATION_CONTEXT(2) 
PARAMETRIC_REPRESENTATION_CONTEXT() REPRESENTATION_CONTEXT('2D SPACE',''
  ) );
#1348 = PCURVE('',#501,#1349);
#1349 = DEFINITIONAL_REPRESENTATION('',(#1350),#1354);
#1350 = LINE('',#1351,#1352);
#1351 = CARTESIAN_POINT('',(0.,-0.));
#1352 = VECTOR('',#1353,1.);
#1353 = DIRECTION('',(-0.,-1.));
#1354 = ( GEOMETRIC_REPRESENTATION_CONTEXT(2) 
PARAMETRIC_REPRESENTATION_CONTEXT() REPRESENTATION_CONTEXT('2D SPACE',''
  ) );
#1355 = ORIENTED_EDGE('',*,*,#480,.T.);
#1356 = ORIENTED_EDGE('',*,*,#1335,.T.);
#1357 = ADVANCED_FACE('',(#1358),#536,.F.);
#1358 = FACE_BOUND('',#1359,.F.);
#1359 = EDGE_LOOP('',(#1360,#1389,#1410,#1411));
#1360 = ORIENTED_EDGE('',*,*,#1361,.F.);
#1361 = EDGE_CURVE('',#1362,#1362,#1364,.T.);
#1362 = VERTEX_POINT('',#1363);
#1363 = CARTESIAN_POINT('',(-16.75,-4.286263797016E-16,8.4));
#1364 = SURFACE_CURVE('',#1365,(#1370,#1377),.PCURVE_S1.);
#1365 = CIRCLE('',#1366,1.75);
#1366 = AXIS2_PLACEMENT_3D('',#1367,#1368,#1369);
#1367 = CARTESIAN_POINT('',(-15.,0.,8.4));
#1368 = DIRECTION('',(0.,0.,-1.));
#1369 = DIRECTION('',(0.,1.,0.));
#1370 = PCURVE('',#536,#1371);
#1371 = DEFINITIONAL_REPRESENTATION('',(#1372),#1376);
#1372 = LINE('',#1373,#1374);
#1373 = CARTESIAN_POINT('',(4.712388980385,-0.8));
#1374 = VECTOR('',#1375,1.);
#1375 = DIRECTION('',(-1.,-0.));
#1376 = ( GEOMETRIC_REPRESENTATION_CONTEXT(2) 
PARAMETRIC_REPRESENTATION_CONTEXT() REPRESENTATION_CONTEXT('2D SPACE',''
  ) );
#1377 = PCURVE('',#1378,#1383);
#1378 = CYLINDRICAL_SURFACE('',#1379,1.75);
#1379 = AXIS2_PLACEMENT_3D('',#1380,#1381,#1382);
#1380 = CARTESIAN_POINT('',(-15.,0.,9.2));
#1381 = DIRECTION('',(0.,0.,-1.));
#1382 = DIRECTION('',(-1.,0.,0.));
#1383 = DEFINITIONAL_REPRESENTATION('',(#1384),#1388);
#1384 = LINE('',#1385,#1386);
#1385 = CARTESIAN_POINT('',(-4.712388980385,0.8));
#1386 = VECTOR('',#1387,1.);
#1387 = DIRECTION('',(1.,0.));
#1388 = ( GEOMETRIC_REPRESENTATION_CONTEXT(2) 
PARAMETRIC_REPRESENTATION_CONTEXT() REPRESENTATION_CONTEXT('2D SPACE',''
  ) );
#1389 = ORIENTED_EDGE('',*,*,#1390,.F.);
#1390 = EDGE_CURVE('',#516,#1362,#1391,.T.);
#1391 = SEAM_CURVE('',#1392,(#1396,#1403),.PCURVE_S1.);
#1392 = LINE('',#1393,#1394);
#1393 = CARTESIAN_POINT('',(-17.55,-6.245698675652E-16,9.2));
#1394 = VECTOR('',#1395,1.);
#1395 = DIRECTION('',(0.707106781187,1.731912112471E-16,-0.707106781187)
  );
#1396 = PCURVE('',#536,#1397);
#1397 = DEFINITIONAL_REPRESENTATION('',(#1398),#1402);
#1398 = LINE('',#1399,#1400);
#1399 = CARTESIAN_POINT('',(-6.28318530718,0.));
#1400 = VECTOR('',#1401,1.);
#1401 = DIRECTION('',(-0.,-1.));
#1402 = ( GEOMETRIC_REPRESENTATION_CONTEXT(2) 
PARAMETRIC_REPRESENTATION_CONTEXT() REPRESENTATION_CONTEXT('2D SPACE',''
  ) );
#1403 = PCURVE('',#536,#1404);
#1404 = DEFINITIONAL_REPRESENTATION('',(#1405),#1409);
#1405 = LINE('',#1406,#1407);
#1406 = CARTESIAN_POINT('',(0.,-0.));
#1407 = VECTOR('',#1408,1.);
#1408 = DIRECTION('',(-0.,-1.));
#1409 = ( GEOMETRIC_REPRESENTATION_CONTEXT(2) 
PARAMETRIC_REPRESENTATION_CONTEXT() REPRESENTATION_CONTEXT('2D SPACE',''
  ) );
#1410 = ORIENTED_EDGE('',*,*,#515,.T.);
#1411 = ORIENTED_EDGE('',*,*,#1390,.T.);
#1412 = ADVANCED_FACE('',(#1413),#571,.F.);
#1413 = FACE_BOUND('',#1414,.F.);
#1414 = EDGE_LOOP('',(#1415,#1444,#1465,#1466));
#1415 = ORIENTED_EDGE('',*,*,#1416,.F.);
#1416 = EDGE_CURVE('',#1417,#1417,#1419,.T.);
#1417 = VERTEX_POINT('',#1418);
#1418 = CARTESIAN_POINT('',(-9.25,12.990381056767,8.4));
#1419 = SURFACE_CURVE('',#1420,(#1425,#1432),.PCURVE_S1.);
#1420 = CIRCLE('',#1421,1.75);
#1421 = AXIS2_PLACEMENT_3D('',#1422,#1423,#1424);
#1422 = CARTESIAN_POINT('',(-7.5,12.990381056767,8.4));
#1423 = DIRECTION('',(0.,0.,-1.));
#1424 = DIRECTION('',(0.,1.,0.));
#1425 = PCURVE('',#571,#1426);
#1426 = DEFINITIONAL_REPRESENTATION('',(#1427),#1431);
#1427 = LINE('',#1428,#1429);
#1428 = CARTESIAN_POINT('',(4.712388980385,-0.8));
#1429 = VECTOR('',#1430,1.);
#1430 = DIRECTION('',(-1.,-0.));
#1431 = ( GEOMETRIC_REPRESENTATION_CONTEXT(2) 
PARAMETRIC_REPRESENTATION_CONTEXT() REPRESENTATION_CONTEXT('2D SPACE',''
  ) );
#1432 = PCURVE('',#1433,#1438);
#1433 = CYLINDRICAL_SURFACE('',#1434,1.75);
#1434 = AXIS2_PLACEMENT_3D('',#1435,#1436,#1437);
#1435 = CARTESIAN_POINT('',(-7.5,12.990381056767,9.2));
#1436 = DIRECTION('',(0.,0.,-1.));
#1437 = DIRECTION('',(-1.,0.,0.));
#1438 = DEFINITIONAL_REPRESENTATION('',(#1439),#1443);
#1439 = LINE('',#1440,#1441);
#1440 = CARTESIAN_POINT('',(-4.712388980385,0.8));
#1441 = VECTOR('',#1442,1.);
#1442 = DIRECTION('',(1.,0.));
#1443 = ( GEOMETRIC_REPRESENTATION_CONTEXT(2) 
PARAMETRIC_REPRESENTATION_CONTEXT() REPRESENTATION_CONTEXT('2D SPACE',''
  ) );
#1444 = ORIENTED_EDGE('',*,*,#1445,.F.);
#1445 = EDGE_CURVE('',#551,#1417,#1446,.T.);
#1446 = SEAM_CURVE('',#1447,(#1451,#1458),.PCURVE_S1.);
#1447 = LINE('',#1448,#1449);
#1448 = CARTESIAN_POINT('',(-10.05,12.990381056767,9.2));
#1449 = VECTOR('',#1450,1.);
#1450 = DIRECTION('',(0.707106781187,1.731912112471E-16,-0.707106781187)
  );
#1451 = PCURVE('',#571,#1452);
#1452 = DEFINITIONAL_REPRESENTATION('',(#1453),#1457);
#1453 = LINE('',#1454,#1455);
#1454 = CARTESIAN_POINT('',(-6.28318530718,0.));
#1455 = VECTOR('',#1456,1.);
#1456 = DIRECTION('',(-0.,-1.));
#1457 = ( GEOMETRIC_REPRESENTATION_CONTEXT(2) 
PARAMETRIC_REPRESENTATION_CONTEXT() REPRESENTATION_CONTEXT('2D SPACE',''
  ) );
#1458 = PCURVE('',#571,#1459);
#1459 = DEFINITIONAL_REPRESENTATION('',(#1460),#1464);
#1460 = LINE('',#1461,#1462);
#1461 = CARTESIAN_POINT('',(0.,-0.));
#1462 = VECTOR('',#1463,1.);
#1463 = DIRECTION('',(-0.,-1.));
#1464 = ( GEOMETRIC_REPRESENTATION_CONTEXT(2) 
PARAMETRIC_REPRESENTATION_CONTEXT() REPRESENTATION_CONTEXT('2D SPACE',''
  ) );
#1465 = ORIENTED_EDGE('',*,*,#550,.T.);
#1466 = ORIENTED_EDGE('',*,*,#1445,.T.);
#1467 = ADVANCED_FACE('',(#1468),#606,.F.);
#1468 = FACE_BOUND('',#1469,.F.);
#1469 = EDGE_LOOP('',(#1470,#1499,#1520,#1521));
#1470 = ORIENTED_EDGE('',*,*,#1471,.F.);
#1471 = EDGE_CURVE('',#1472,#1472,#1474,.T.);
#1472 = VERTEX_POINT('',#1473);
#1473 = CARTESIAN_POINT('',(-16.75,25.980762113533,8.4));
#1474 = SURFACE_CURVE('',#1475,(#1480,#1487),.PCURVE_S1.);
#1475 = CIRCLE('',#1476,1.75);
#1476 = AXIS2_PLACEMENT_3D('',#1477,#1478,#1479);
#1477 = CARTESIAN_POINT('',(-15.,25.980762113533,8.4));
#1478 = DIRECTION('',(0.,0.,-1.));
#1479 = DIRECTION('',(0.,1.,0.));
#1480 = PCURVE('',#606,#1481);
#1481 = DEFINITIONAL_REPRESENTATION('',(#1482),#1486);
#1482 = LINE('',#1483,#1484);
#1483 = CARTESIAN_POINT('',(4.712388980385,-0.8));
#1484 = VECTOR('',#1485,1.);
#1485 = DIRECTION('',(-1.,-0.));
#1486 = ( GEOMETRIC_REPRESENTATION_CONTEXT(2) 
PARAMETRIC_REPRESENTATION_CONTEXT() REPRESENTATION_CONTEXT('2D SPACE',''
  ) );
#1487 = PCURVE('',#1488,#1493);
#1488 = CYLINDRICAL_SURFACE('',#1489,1.75);
#1489 = AXIS2_PLACEMENT_3D('',#1490,#1491,#1492);
#1490 = CARTESIAN_POINT('',(-15.,25.980762113533,9.2));
#1491 = DIRECTION('',(0.,0.,-1.));
#1492 = DIRECTION('',(-1.,0.,0.));
#1493 = DEFINITIONAL_REPRESENTATION('',(#1494),#1498);
#1494 = LINE('',#1495,#1496);
#1495 = CARTESIAN_POINT('',(-4.712388980385,0.8));
#1496 = VECTOR('',#1497,1.);
#1497 = DIRECTION('',(1.,0.));
#1498 = ( GEOMETRIC_REPRESENTATION_CONTEXT(2) 
PARAMETRIC_REPRESENTATION_CONTEXT() REPRESENTATION_CONTEXT('2D SPACE',''
  ) );
#1499 = ORIENTED_EDGE('',*,*,#1500,.F.);
#1500 = EDGE_CURVE('',#586,#1472,#1501,.T.);
#1501 = SEAM_CURVE('',#1502,(#1506,#1513),.PCURVE_S1.);
#1502 = LINE('',#1503,#1504);
#1503 = CARTESIAN_POINT('',(-17.55,25.980762113533,9.2));
#1504 = VECTOR('',#1505,1.);
#1505 = DIRECTION('',(0.707106781187,1.731912112471E-16,-0.707106781187)
  );
#1506 = PCURVE('',#606,#1507);
#1507 = DEFINITIONAL_REPRESENTATION('',(#1508),#1512);
#1508 = LINE('',#1509,#1510);
#1509 = CARTESIAN_POINT('',(-6.28318530718,0.));
#1510 = VECTOR('',#1511,1.);
#1511 = DIRECTION('',(-0.,-1.));
#1512 = ( GEOMETRIC_REPRESENTATION_CONTEXT(2) 
PARAMETRIC_REPRESENTATION_CONTEXT() REPRESENTATION_CONTEXT('2D SPACE',''
  ) );
#1513 = PCURVE('',#606,#1514);
#1514 = DEFINITIONAL_REPRESENTATION('',(#1515),#1519);
#1515 = LINE('',#1516,#1517);
#1516 = CARTESIAN_POINT('',(0.,-0.));
#1517 = VECTOR('',#1518,1.);
#1518 = DIRECTION('',(-0.,-1.));
#1519 = ( GEOMETRIC_REPRESENTATION_CONTEXT(2) 
PARAMETRIC_REPRESENTATION_CONTEXT() REPRESENTATION_CONTEXT('2D SPACE',''
  ) );
#1520 = ORIENTED_EDGE('',*,*,#585,.T.);
#1521 = ORIENTED_EDGE('',*,*,#1500,.T.);
#1522 = ADVANCED_FACE('',(#1523),#641,.F.);
#1523 = FACE_BOUND('',#1524,.F.);
#1524 = EDGE_LOOP('',(#1525,#1554,#1575,#1576));
#1525 = ORIENTED_EDGE('',*,*,#1526,.F.);
#1526 = EDGE_CURVE('',#1527,#1527,#1529,.T.);
#1527 = VERTEX_POINT('',#1528);
#1528 = CARTESIAN_POINT('',(-1.75,-4.286263797016E-16,8.4));
#1529 = SURFACE_CURVE('',#1530,(#1535,#1542),.PCURVE_S1.);
#1530 = CIRCLE('',#1531,1.75);
#1531 = AXIS2_PLACEMENT_3D('',#1532,#1533,#1534);
#1532 = CARTESIAN_POINT('',(0.,0.,8.4));
#1533 = DIRECTION('',(0.,0.,-1.));
#1534 = DIRECTION('',(0.,1.,0.));
#1535 = PCURVE('',#641,#1536);
#1536 = DEFINITIONAL_REPRESENTATION('',(#1537),#1541);
#1537 = LINE('',#1538,#1539);
#1538 = CARTESIAN_POINT('',(4.712388980385,-0.8));
#1539 = VECTOR('',#1540,1.);
#1540 = DIRECTION('',(-1.,-0.));
#1541 = ( GEOMETRIC_REPRESENTATION_CONTEXT(2) 
PARAMETRIC_REPRESENTATION_CONTEXT() REPRESENTATION_CONTEXT('2D SPACE',''
  ) );
#1542 = PCURVE('',#1543,#1548);
#1543 = CYLINDRICAL_SURFACE('',#1544,1.75);
#1544 = AXIS2_PLACEMENT_3D('',#1545,#1546,#1547);
#1545 = CARTESIAN_POINT('',(0.,0.,9.2));
#1546 = DIRECTION('',(0.,0.,-1.));
#1547 = DIRECTION('',(-1.,0.,0.));
#1548 = DEFINITIONAL_REPRESENTATION('',(#1549),#1553);
#1549 = LINE('',#1550,#1551);
#1550 = CARTESIAN_POINT('',(-4.712388980385,0.8));
#1551 = VECTOR('',#1552,1.);
#1552 = DIRECTION('',(1.,0.));
#1553 = ( GEOMETRIC_REPRESENTATION_CONTEXT(2) 
PARAMETRIC_REPRESENTATION_CONTEXT() REPRESENTATION_CONTEXT('2D SPACE',''
  ) );
#1554 = ORIENTED_EDGE('',*,*,#1555,.F.);
#1555 = EDGE_CURVE('',#621,#1527,#1556,.T.);
#1556 = SEAM_CURVE('',#1557,(#1561,#1568),.PCURVE_S1.);
#1557 = LINE('',#1558,#1559);
#1558 = CARTESIAN_POINT('',(-2.55,-6.245698675652E-16,9.2));
#1559 = VECTOR('',#1560,1.);
#1560 = DIRECTION('',(0.707106781187,1.731912112471E-16,-0.707106781187)
  );
#1561 = PCURVE('',#641,#1562);
#1562 = DEFINITIONAL_REPRESENTATION('',(#1563),#1567);
#1563 = LINE('',#1564,#1565);
#1564 = CARTESIAN_POINT('',(-6.28318530718,0.));
#1565 = VECTOR('',#1566,1.);
#1566 = DIRECTION('',(-0.,-1.));
#1567 = ( GEOMETRIC_REPRESENTATION_CONTEXT(2) 
PARAMETRIC_REPRESENTATION_CONTEXT() REPRESENTATION_CONTEXT('2D SPACE',''
  ) );
#1568 = PCURVE('',#641,#1569);
#1569 = DEFINITIONAL_REPRESENTATION('',(#1570),#1574);
#1570 = LINE('',#1571,#1572);
#1571 = CARTESIAN_POINT('',(0.,-0.));
#1572 = VECTOR('',#1573,1.);
#1573 = DIRECTION('',(-0.,-1.));
#1574 = ( GEOMETRIC_REPRESENTATION_CONTEXT(2) 
PARAMETRIC_REPRESENTATION_CONTEXT() REPRESENTATION_CONTEXT('2D SPACE',''
  ) );
#1575 = ORIENTED_EDGE('',*,*,#620,.T.);
#1576 = ORIENTED_EDGE('',*,*,#1555,.T.);
#1577 = ADVANCED_FACE('',(#1578),#676,.F.);
#1578 = FACE_BOUND('',#1579,.F.);
#1579 = EDGE_LOOP('',(#1580,#1609,#1630,#1631));
#1580 = ORIENTED_EDGE('',*,*,#1581,.F.);
#1581 = EDGE_CURVE('',#1582,#1582,#1584,.T.);
#1582 = VERTEX_POINT('',#1583);
#1583 = CARTESIAN_POINT('',(13.25,-4.286263797016E-16,8.4));
#1584 = SURFACE_CURVE('',#1585,(#1590,#1597),.PCURVE_S1.);
#1585 = CIRCLE('',#1586,1.75);
#1586 = AXIS2_PLACEMENT_3D('',#1587,#1588,#1589);
#1587 = CARTESIAN_POINT('',(15.,0.,8.4));
#1588 = DIRECTION('',(0.,0.,-1.));
#1589 = DIRECTION('',(0.,1.,0.));
#1590 = PCURVE('',#676,#1591);
#1591 = DEFINITIONAL_REPRESENTATION('',(#1592),#1596);
#1592 = LINE('',#1593,#1594);
#1593 = CARTESIAN_POINT('',(4.712388980385,-0.8));
#1594 = VECTOR('',#1595,1.);
#1595 = DIRECTION('',(-1.,-0.));
#1596 = ( GEOMETRIC_REPRESENTATION_CONTEXT(2) 
PARAMETRIC_REPRESENTATION_CONTEXT() REPRESENTATION_CONTEXT('2D SPACE',''
  ) );
#1597 = PCURVE('',#1598,#1603);
#1598 = CYLINDRICAL_SURFACE('',#1599,1.75);
#1599 = AXIS2_PLACEMENT_3D('',#1600,#1601,#1602);
#1600 = CARTESIAN_POINT('',(15.,0.,9.2));
#1601 = DIRECTION('',(0.,0.,-1.));
#1602 = DIRECTION('',(-1.,0.,0.));
#1603 = DEFINITIONAL_REPRESENTATION('',(#1604),#1608);
#1604 = LINE('',#1605,#1606);
#1605 = CARTESIAN_POINT('',(-4.712388980385,0.8));
#1606 = VECTOR('',#1607,1.);
#1607 = DIRECTION('',(1.,0.));
#1608 = ( GEOMETRIC_REPRESENTATION_CONTEXT(2) 
PARAMETRIC_REPRESENTATION_CONTEXT() REPRESENTATION_CONTEXT('2D SPACE',''
  ) );
#1609 = ORIENTED_EDGE('',*,*,#1610,.F.);
#1610 = EDGE_CURVE('',#656,#1582,#1611,.T.);
#1611 = SEAM_CURVE('',#1612,(#1616,#1623),.PCURVE_S1.);
#1612 = LINE('',#1613,#1614);
#1613 = CARTESIAN_POINT('',(12.45,-6.245698675652E-16,9.2));
#1614 = VECTOR('',#1615,1.);
#1615 = DIRECTION('',(0.707106781187,1.731912112471E-16,-0.707106781187)
  );
#1616 = PCURVE('',#676,#1617);
#1617 = DEFINITIONAL_REPRESENTATION('',(#1618),#1622);
#1618 = LINE('',#1619,#1620);
#1619 = CARTESIAN_POINT('',(-6.28318530718,0.));
#1620 = VECTOR('',#1621,1.);
#1621 = DIRECTION('',(-0.,-1.));
#1622 = ( GEOMETRIC_REPRESENTATION_CONTEXT(2) 
PARAMETRIC_REPRESENTATION_CONTEXT() REPRESENTATION_CONTEXT('2D SPACE',''
  ) );
#1623 = PCURVE('',#676,#1624);
#1624 = DEFINITIONAL_REPRESENTATION('',(#1625),#1629);
#1625 = LINE('',#1626,#1627);
#1626 = CARTESIAN_POINT('',(0.,-0.));
#1627 = VECTOR('',#1628,1.);
#1628 = DIRECTION('',(-0.,-1.));
#1629 = ( GEOMETRIC_REPRESENTATION_CONTEXT(2) 
PARAMETRIC_REPRESENTATION_CONTEXT() REPRESENTATION_CONTEXT('2D SPACE',''
  ) );
#1630 = ORIENTED_EDGE('',*,*,#655,.T.);
#1631 = ORIENTED_EDGE('',*,*,#1610,.T.);
#1632 = ADVANCED_FACE('',(#1633),#711,.F.);
#1633 = FACE_BOUND('',#1634,.F.);
#1634 = EDGE_LOOP('',(#1635,#1664,#1685,#1686));
#1635 = ORIENTED_EDGE('',*,*,#1636,.F.);
#1636 = EDGE_CURVE('',#1637,#1637,#1639,.T.);
#1637 = VERTEX_POINT('',#1638);
#1638 = CARTESIAN_POINT('',(5.75,12.990381056767,8.4));
#1639 = SURFACE_CURVE('',#1640,(#1645,#1652),.PCURVE_S1.);
#1640 = CIRCLE('',#1641,1.75);
#1641 = AXIS2_PLACEMENT_3D('',#1642,#1643,#1644);
#1642 = CARTESIAN_POINT('',(7.5,12.990381056767,8.4));
#1643 = DIRECTION('',(0.,0.,-1.));
#1644 = DIRECTION('',(0.,1.,0.));
#1645 = PCURVE('',#711,#1646);
#1646 = DEFINITIONAL_REPRESENTATION('',(#1647),#1651);
#1647 = LINE('',#1648,#1649);
#1648 = CARTESIAN_POINT('',(4.712388980385,-0.8));
#1649 = VECTOR('',#1650,1.);
#1650 = DIRECTION('',(-1.,-0.));
#1651 = ( GEOMETRIC_REPRESENTATION_CONTEXT(2) 
PARAMETRIC_REPRESENTATION_CONTEXT() REPRESENTATION_CONTEXT('2D SPACE',''
  ) );
#1652 = PCURVE('',#1653,#1658);
#1653 = CYLINDRICAL_SURFACE('',#1654,1.75);
#1654 = AXIS2_PLACEMENT_3D('',#1655,#1656,#1657);
#1655 = CARTESIAN_POINT('',(7.5,12.990381056767,9.2));
#1656 = DIRECTION('',(0.,0.,-1.));
#1657 = DIRECTION('',(-1.,0.,0.));
#1658 = DEFINITIONAL_REPRESENTATION('',(#1659),#1663);
#1659 = LINE('',#1660,#1661);
#1660 = CARTESIAN_POINT('',(-4.712388980385,0.8));
#1661 = VECTOR('',#1662,1.);
#1662 = DIRECTION('',(1.,0.));
#1663 = ( GEOMETRIC_REPRESENTATION_CONTEXT(2) 
PARAMETRIC_REPRESENTATION_CONTEXT() REPRESENTATION_CONTEXT('2D SPACE',''
  ) );
#1664 = ORIENTED_EDGE('',*,*,#1665,.F.);
#1665 = EDGE_CURVE('',#691,#1637,#1666,.T.);
#1666 = SEAM_CURVE('',#1667,(#1671,#1678),.PCURVE_S1.);
#1667 = LINE('',#1668,#1669);
#1668 = CARTESIAN_POINT('',(4.95,12.990381056767,9.2));
#1669 = VECTOR('',#1670,1.);
#1670 = DIRECTION('',(0.707106781187,1.731912112471E-16,-0.707106781187)
  );
#1671 = PCURVE('',#711,#1672);
#1672 = DEFINITIONAL_REPRESENTATION('',(#1673),#1677);
#1673 = LINE('',#1674,#1675);
#1674 = CARTESIAN_POINT('',(-6.28318530718,0.));
#1675 = VECTOR('',#1676,1.);
#1676 = DIRECTION('',(-0.,-1.));
#1677 = ( GEOMETRIC_REPRESENTATION_CONTEXT(2) 
PARAMETRIC_REPRESENTATION_CONTEXT() REPRESENTATION_CONTEXT('2D SPACE',''
  ) );
#1678 = PCURVE('',#711,#1679);
#1679 = DEFINITIONAL_REPRESENTATION('',(#1680),#1684);
#1680 = LINE('',#1681,#1682);
#1681 = CARTESIAN_POINT('',(0.,-0.));
#1682 = VECTOR('',#1683,1.);
#1683 = DIRECTION('',(-0.,-1.));
#1684 = ( GEOMETRIC_REPRESENTATION_CONTEXT(2) 
PARAMETRIC_REPRESENTATION_CONTEXT() REPRESENTATION_CONTEXT('2D SPACE',''
  ) );
#1685 = ORIENTED_EDGE('',*,*,#690,.T.);
#1686 = ORIENTED_EDGE('',*,*,#1665,.T.);
#1687 = ADVANCED_FACE('',(#1688),#746,.F.);
#1688 = FACE_BOUND('',#1689,.F.);
#1689 = EDGE_LOOP('',(#1690,#1719,#1740,#1741));
#1690 = ORIENTED_EDGE('',*,*,#1691,.F.);
#1691 = EDGE_CURVE('',#1692,#1692,#1694,.T.);
#1692 = VERTEX_POINT('',#1693);
#1693 = CARTESIAN_POINT('',(28.25,-4.286263797016E-16,8.4));
#1694 = SURFACE_CURVE('',#1695,(#1700,#1707),.PCURVE_S1.);
#1695 = CIRCLE('',#1696,1.75);
#1696 = AXIS2_PLACEMENT_3D('',#1697,#1698,#1699);
#1697 = CARTESIAN_POINT('',(30.,0.,8.4));
#1698 = DIRECTION('',(0.,0.,-1.));
#1699 = DIRECTION('',(0.,1.,0.));
#1700 = PCURVE('',#746,#1701);
#1701 = DEFINITIONAL_REPRESENTATION('',(#1702),#1706);
#1702 = LINE('',#1703,#1704);
#1703 = CARTESIAN_POINT('',(4.712388980385,-0.8));
#1704 = VECTOR('',#1705,1.);
#1705 = DIRECTION('',(-1.,-0.));
#1706 = ( GEOMETRIC_REPRESENTATION_CONTEXT(2) 
PARAMETRIC_REPRESENTATION_CONTEXT() REPRESENTATION_CONTEXT('2D SPACE',''
  ) );
#1707 = PCURVE('',#1708,#1713);
#1708 = CYLINDRICAL_SURFACE('',#1709,1.75);
#1709 = AXIS2_PLACEMENT_3D('',#1710,#1711,#1712);
#1710 = CARTESIAN_POINT('',(30.,0.,9.2));
#1711 = DIRECTION('',(0.,0.,-1.));
#1712 = DIRECTION('',(-1.,0.,0.));
#1713 = DEFINITIONAL_REPRESENTATION('',(#1714),#1718);
#1714 = LINE('',#1715,#1716);
#1715 = CARTESIAN_POINT('',(-4.712388980385,0.8));
#1716 = VECTOR('',#1717,1.);
#1717 = DIRECTION('',(1.,0.));
#1718 = ( GEOMETRIC_REPRESENTATION_CONTEXT(2) 
PARAMETRIC_REPRESENTATION_CONTEXT() REPRESENTATION_CONTEXT('2D SPACE',''
  ) );
#1719 = ORIENTED_EDGE('',*,*,#1720,.F.);
#1720 = EDGE_CURVE('',#726,#1692,#1721,.T.);
#1721 = SEAM_CURVE('',#1722,(#1726,#1733),.PCURVE_S1.);
#1722 = LINE('',#1723,#1724);
#1723 = CARTESIAN_POINT('',(27.45,-6.245698675652E-16,9.2));
#1724 = VECTOR('',#1725,1.);
#1725 = DIRECTION('',(0.707106781187,1.731912112471E-16,-0.707106781187)
  );
#1726 = PCURVE('',#746,#1727);
#1727 = DEFINITIONAL_REPRESENTATION('',(#1728),#1732);
#1728 = LINE('',#1729,#1730);
#1729 = CARTESIAN_POINT('',(-6.28318530718,0.));
#1730 = VECTOR('',#1731,1.);
#1731 = DIRECTION('',(-0.,-1.));
#1732 = ( GEOMETRIC_REPRESENTATION_CONTEXT(2) 
PARAMETRIC_REPRESENTATION_CONTEXT() REPRESENTATION_CONTEXT('2D SPACE',''
  ) );
#1733 = PCURVE('',#746,#1734);
#1734 = DEFINITIONAL_REPRESENTATION('',(#1735),#1739);
#1735 = LINE('',#1736,#1737);
#1736 = CARTESIAN_POINT('',(0.,-0.));
#1737 = VECTOR('',#1738,1.);
#1738 = DIRECTION('',(-0.,-1.));
#1739 = ( GEOMETRIC_REPRESENTATION_CONTEXT(2) 
PARAMETRIC_REPRESENTATION_CONTEXT() REPRESENTATION_CONTEXT('2D SPACE',''
  ) );
#1740 = ORIENTED_EDGE('',*,*,#725,.T.);
#1741 = ORIENTED_EDGE('',*,*,#1720,.T.);
#1742 = ADVANCED_FACE('',(#1743),#781,.F.);
#1743 = FACE_BOUND('',#1744,.F.);
#1744 = EDGE_LOOP('',(#1745,#1774,#1795,#1796));
#1745 = ORIENTED_EDGE('',*,*,#1746,.F.);
#1746 = EDGE_CURVE('',#1747,#1747,#1749,.T.);
#1747 = VERTEX_POINT('',#1748);
#1748 = CARTESIAN_POINT('',(20.75,12.990381056767,8.4));
#1749 = SURFACE_CURVE('',#1750,(#1755,#1762),.PCURVE_S1.);
#1750 = CIRCLE('',#1751,1.75);
#1751 = AXIS2_PLACEMENT_3D('',#1752,#1753,#1754);
#1752 = CARTESIAN_POINT('',(22.5,12.990381056767,8.4));
#1753 = DIRECTION('',(0.,0.,-1.));
#1754 = DIRECTION('',(0.,1.,0.));
#1755 = PCURVE('',#781,#1756);
#1756 = DEFINITIONAL_REPRESENTATION('',(#1757),#1761);
#1757 = LINE('',#1758,#1759);
#1758 = CARTESIAN_POINT('',(4.712388980385,-0.8));
#1759 = VECTOR('',#1760,1.);
#1760 = DIRECTION('',(-1.,-0.));
#1761 = ( GEOMETRIC_REPRESENTATION_CONTEXT(2) 
PARAMETRIC_REPRESENTATION_CONTEXT() REPRESENTATION_CONTEXT('2D SPACE',''
  ) );
#1762 = PCURVE('',#1763,#1768);
#1763 = CYLINDRICAL_SURFACE('',#1764,1.75);
#1764 = AXIS2_PLACEMENT_3D('',#1765,#1766,#1767);
#1765 = CARTESIAN_POINT('',(22.5,12.990381056767,9.2));
#1766 = DIRECTION('',(0.,0.,-1.));
#1767 = DIRECTION('',(-1.,0.,0.));
#1768 = DEFINITIONAL_REPRESENTATION('',(#1769),#1773);
#1769 = LINE('',#1770,#1771);
#1770 = CARTESIAN_POINT('',(-4.712388980385,0.8));
#1771 = VECTOR('',#1772,1.);
#1772 = DIRECTION('',(1.,0.));
#1773 = ( GEOMETRIC_REPRESENTATION_CONTEXT(2) 
PARAMETRIC_REPRESENTATION_CONTEXT() REPRESENTATION_CONTEXT('2D SPACE',''
  ) );
#1774 = ORIENTED_EDGE('',*,*,#1775,.F.);
#1775 = EDGE_CURVE('',#761,#1747,#1776,.T.);
#1776 = SEAM_CURVE('',#1777,(#1781,#1788),.PCURVE_S1.);
#1777 = LINE('',#1778,#1779);
#1778 = CARTESIAN_POINT('',(19.95,12.990381056767,9.2));
#1779 = VECTOR('',#1780,1.);
#1780 = DIRECTION('',(0.707106781187,1.731912112471E-16,-0.707106781187)
  );
#1781 = PCURVE('',#781,#1782);
#1782 = DEFINITIONAL_REPRESENTATION('',(#1783),#1787);
#1783 = LINE('',#1784,#1785);
#1784 = CARTESIAN_POINT('',(-6.28318530718,0.));
#1785 = VECTOR('',#1786,1.);
#1786 = DIRECTION('',(-0.,-1.));
#1787 = ( GEOMETRIC_REPRESENTATION_CONTEXT(2) 
PARAMETRIC_REPRESENTATION_CONTEXT() REPRESENTATION_CONTEXT('2D SPACE',''
  ) );
#1788 = PCURVE('',#781,#1789);
#1789 = DEFINITIONAL_REPRESENTATION('',(#1790),#1794);
#1790 = LINE('',#1791,#1792);
#1791 = CARTESIAN_POINT('',(0.,-0.));
#1792 = VECTOR('',#1793,1.);
#1793 = DIRECTION('',(-0.,-1.));
#1794 = ( GEOMETRIC_REPRESENTATION_CONTEXT(2) 
PARAMETRIC_REPRESENTATION_CONTEXT() REPRESENTATION_CONTEXT('2D SPACE',''
  ) );
#1795 = ORIENTED_EDGE('',*,*,#760,.T.);
#1796 = ORIENTED_EDGE('',*,*,#1775,.T.);
#1797 = ADVANCED_FACE('',(#1798),#816,.F.);
#1798 = FACE_BOUND('',#1799,.F.);
#1799 = EDGE_LOOP('',(#1800,#1829,#1850,#1851));
#1800 = ORIENTED_EDGE('',*,*,#1801,.F.);
#1801 = EDGE_CURVE('',#1802,#1802,#1804,.T.);
#1802 = VERTEX_POINT('',#1803);
#1803 = CARTESIAN_POINT('',(-1.75,25.980762113533,8.4));
#1804 = SURFACE_CURVE('',#1805,(#1810,#1817),.PCURVE_S1.);
#1805 = CIRCLE('',#1806,1.75);
#1806 = AXIS2_PLACEMENT_3D('',#1807,#1808,#1809);
#1807 = CARTESIAN_POINT('',(0.,25.980762113533,8.4));
#1808 = DIRECTION('',(0.,0.,-1.));
#1809 = DIRECTION('',(0.,1.,0.));
#1810 = PCURVE('',#816,#1811);
#1811 = DEFINITIONAL_REPRESENTATION('',(#1812),#1816);
#1812 = LINE('',#1813,#1814);
#1813 = CARTESIAN_POINT('',(4.712388980385,-0.8));
#1814 = VECTOR('',#1815,1.);
#1815 = DIRECTION('',(-1.,-0.));
#1816 = ( GEOMETRIC_REPRESENTATION_CONTEXT(2) 
PARAMETRIC_REPRESENTATION_CONTEXT() REPRESENTATION_CONTEXT('2D SPACE',''
  ) );
#1817 = PCURVE('',#1818,#1823);
#1818 = CYLINDRICAL_SURFACE('',#1819,1.75);
#1819 = AXIS2_PLACEMENT_3D('',#1820,#1821,#1822);
#1820 = CARTESIAN_POINT('',(0.,25.980762113533,9.2));
#1821 = DIRECTION('',(0.,0.,-1.));
#1822 = DIRECTION('',(-1.,0.,0.));
#1823 = DEFINITIONAL_REPRESENTATION('',(#1824),#1828);
#1824 = LINE('',#1825,#1826);
#1825 = CARTESIAN_POINT('',(-4.712388980385,0.8));
#1826 = VECTOR('',#1827,1.);
#1827 = DIRECTION('',(1.,0.));
#1828 = ( GEOMETRIC_REPRESENTATION_CONTEXT(2) 
PARAMETRIC_REPRESENTATION_CONTEXT() REPRESENTATION_CONTEXT('2D SPACE',''
  ) );
#1829 = ORIENTED_EDGE('',*,*,#1830,.F.);
#1830 = EDGE_CURVE('',#796,#1802,#1831,.T.);
#1831 = SEAM_CURVE('',#1832,(#1836,#1843),.PCURVE_S1.);
#1832 = LINE('',#1833,#1834);
#1833 = CARTESIAN_POINT('',(-2.55,25.980762113533,9.2));
#1834 = VECTOR('',#1835,1.);
#1835 = DIRECTION('',(0.707106781187,1.731912112471E-16,-0.707106781187)
  );
#1836 = PCURVE('',#816,#1837);
#1837 = DEFINITIONAL_REPRESENTATION('',(#1838),#1842);
#1838 = LINE('',#1839,#1840);
#1839 = CARTESIAN_POINT('',(-6.28318530718,0.));
#1840 = VECTOR('',#1841,1.);
#1841 = DIRECTION('',(-0.,-1.));
#1842 = ( GEOMETRIC_REPRESENTATION_CONTEXT(2) 
PARAMETRIC_REPRESENTATION_CONTEXT() REPRESENTATION_CONTEXT('2D SPACE',''
  ) );
#1843 = PCURVE('',#816,#1844);
#1844 = DEFINITIONAL_REPRESENTATION('',(#1845),#1849);
#1845 = LINE('',#1846,#1847);
#1846 = CARTESIAN_POINT('',(0.,-0.));
#1847 = VECTOR('',#1848,1.);
#1848 = DIRECTION('',(-0.,-1.));
#1849 = ( GEOMETRIC_REPRESENTATION_CONTEXT(2) 
PARAMETRIC_REPRESENTATION_CONTEXT() REPRESENTATION_CONTEXT('2D SPACE',''
  ) );
#1850 = ORIENTED_EDGE('',*,*,#795,.T.);
#1851 = ORIENTED_EDGE('',*,*,#1830,.T.);
#1852 = ADVANCED_FACE('',(#1853),#851,.F.);
#1853 = FACE_BOUND('',#1854,.F.);
#1854 = EDGE_LOOP('',(#1855,#1884,#1905,#1906));
#1855 = ORIENTED_EDGE('',*,*,#1856,.F.);
#1856 = EDGE_CURVE('',#1857,#1857,#1859,.T.);
#1857 = VERTEX_POINT('',#1858);
#1858 = CARTESIAN_POINT('',(13.25,25.980762113533,8.4));
#1859 = SURFACE_CURVE('',#1860,(#1865,#1872),.PCURVE_S1.);
#1860 = CIRCLE('',#1861,1.75);
#1861 = AXIS2_PLACEMENT_3D('',#1862,#1863,#1864);
#1862 = CARTESIAN_POINT('',(15.,25.980762113533,8.4));
#1863 = DIRECTION('',(0.,0.,-1.));
#1864 = DIRECTION('',(0.,1.,0.));
#1865 = PCURVE('',#851,#1866);
#1866 = DEFINITIONAL_REPRESENTATION('',(#1867),#1871);
#1867 = LINE('',#1868,#1869);
#1868 = CARTESIAN_POINT('',(4.712388980385,-0.8));
#1869 = VECTOR('',#1870,1.);
#1870 = DIRECTION('',(-1.,-0.));
#1871 = ( GEOMETRIC_REPRESENTATION_CONTEXT(2) 
PARAMETRIC_REPRESENTATION_CONTEXT() REPRESENTATION_CONTEXT('2D SPACE',''
  ) );
#1872 = PCURVE('',#1873,#1878);
#1873 = CYLINDRICAL_SURFACE('',#1874,1.75);
#1874 = AXIS2_PLACEMENT_3D('',#1875,#1876,#1877);
#1875 = CARTESIAN_POINT('',(15.,25.980762113533,9.2));
#1876 = DIRECTION('',(0.,0.,-1.));
#1877 = DIRECTION('',(-1.,0.,0.));
#1878 = DEFINITIONAL_REPRESENTATION('',(#1879),#1883);
#1879 = LINE('',#1880,#1881);
#1880 = CARTESIAN_POINT('',(-4.712388980385,0.8));
#1881 = VECTOR('',#1882,1.);
#1882 = DIRECTION('',(1.,0.));
#1883 = ( GEOMETRIC_REPRESENTATION_CONTEXT(2) 
PARAMETRIC_REPRESENTATION_CONTEXT() REPRESENTATION_CONTEXT('2D SPACE',''
  ) );
#1884 = ORIENTED_EDGE('',*,*,#1885,.F.);
#1885 = EDGE_CURVE('',#831,#1857,#1886,.T.);
#1886 = SEAM_CURVE('',#1887,(#1891,#1898),.PCURVE_S1.);
#1887 = LINE('',#1888,#1889);
#1888 = CARTESIAN_POINT('',(12.45,25.980762113533,9.2));
#1889 = VECTOR('',#1890,1.);
#1890 = DIRECTION('',(0.707106781187,1.731912112471E-16,-0.707106781187)
  );
#1891 = PCURVE('',#851,#1892);
#1892 = DEFINITIONAL_REPRESENTATION('',(#1893),#1897);
#1893 = LINE('',#1894,#1895);
#1894 = CARTESIAN_POINT('',(-6.28318530718,0.));
#1895 = VECTOR('',#1896,1.);
#1896 = DIRECTION('',(-0.,-1.));
#1897 = ( GEOMETRIC_REPRESENTATION_CONTEXT(2) 
PARAMETRIC_REPRESENTATION_CONTEXT() REPRESENTATION_CONTEXT('2D SPACE',''
  ) );
#1898 = PCURVE('',#851,#1899);
#1899 = DEFINITIONAL_REPRESENTATION('',(#1900),#1904);
#1900 = LINE('',#1901,#1902);
#1901 = CARTESIAN_POINT('',(0.,-0.));
#1902 = VECTOR('',#1903,1.);
#1903 = DIRECTION('',(-0.,-1.));
#1904 = ( GEOMETRIC_REPRESENTATION_CONTEXT(2) 
PARAMETRIC_REPRESENTATION_CONTEXT() REPRESENTATION_CONTEXT('2D SPACE',''
  ) );
#1905 = ORIENTED_EDGE('',*,*,#830,.T.);
#1906 = ORIENTED_EDGE('',*,*,#1885,.T.);
#1907 = ADVANCED_FACE('',(#1908),#883,.F.);
#1908 = FACE_BOUND('',#1909,.F.);
#1909 = EDGE_LOOP('',(#1910,#1933,#1960,#1961));
#1910 = ORIENTED_EDGE('',*,*,#1911,.T.);
#1911 = EDGE_CURVE('',#867,#1912,#1914,.T.);
#1912 = VERTEX_POINT('',#1913);
#1913 = CARTESIAN_POINT('',(-16.75,-25.98076211353,0.7));
#1914 = SEAM_CURVE('',#1915,(#1919,#1926),.PCURVE_S1.);
#1915 = LINE('',#1916,#1917);
#1916 = CARTESIAN_POINT('',(-16.75,-25.98076211353,9.2));
#1917 = VECTOR('',#1918,1.);
#1918 = DIRECTION('',(0.,0.,-1.));
#1919 = PCURVE('',#883,#1920);
#1920 = DEFINITIONAL_REPRESENTATION('',(#1921),#1925);
#1921 = LINE('',#1922,#1923);
#1922 = CARTESIAN_POINT('',(6.28318530718,-0.));
#1923 = VECTOR('',#1924,1.);
#1924 = DIRECTION('',(0.,1.));
#1925 = ( GEOMETRIC_REPRESENTATION_CONTEXT(2) 
PARAMETRIC_REPRESENTATION_CONTEXT() REPRESENTATION_CONTEXT('2D SPACE',''
  ) );
#1926 = PCURVE('',#883,#1927);
#1927 = DEFINITIONAL_REPRESENTATION('',(#1928),#1932);
#1928 = LINE('',#1929,#1930);
#1929 = CARTESIAN_POINT('',(0.,-0.));
#1930 = VECTOR('',#1931,1.);
#1931 = DIRECTION('',(0.,1.));
#1932 = ( GEOMETRIC_REPRESENTATION_CONTEXT(2) 
PARAMETRIC_REPRESENTATION_CONTEXT() REPRESENTATION_CONTEXT('2D SPACE',''
  ) );
#1933 = ORIENTED_EDGE('',*,*,#1934,.F.);
#1934 = EDGE_CURVE('',#1912,#1912,#1935,.T.);
#1935 = SURFACE_CURVE('',#1936,(#1941,#1948),.PCURVE_S1.);
#1936 = CIRCLE('',#1937,1.75);
#1937 = AXIS2_PLACEMENT_3D('',#1938,#1939,#1940);
#1938 = CARTESIAN_POINT('',(-15.,-25.98076211353,0.7));
#1939 = DIRECTION('',(0.,0.,-1.));
#1940 = DIRECTION('',(-1.,0.,0.));
#1941 = PCURVE('',#883,#1942);
#1942 = DEFINITIONAL_REPRESENTATION('',(#1943),#1947);
#1943 = LINE('',#1944,#1945);
#1944 = CARTESIAN_POINT('',(0.,8.5));
#1945 = VECTOR('',#1946,1.);
#1946 = DIRECTION('',(1.,0.));
#1947 = ( GEOMETRIC_REPRESENTATION_CONTEXT(2) 
PARAMETRIC_REPRESENTATION_CONTEXT() REPRESENTATION_CONTEXT('2D SPACE',''
  ) );
#1948 = PCURVE('',#1949,#1954);
#1949 = PLANE('',#1950);
#1950 = AXIS2_PLACEMENT_3D('',#1951,#1952,#1953);
#1951 = CARTESIAN_POINT('',(-15.,-25.98076211353,0.7));
#1952 = DIRECTION('',(0.,0.,-1.));
#1953 = DIRECTION('',(-1.,0.,0.));
#1954 = DEFINITIONAL_REPRESENTATION('',(#1955),#1959);
#1955 = CIRCLE('',#1956,1.75);
#1956 = AXIS2_PLACEMENT_2D('',#1957,#1958);
#1957 = CARTESIAN_POINT('',(0.,0.));
#1958 = DIRECTION('',(1.,0.));
#1959 = ( GEOMETRIC_REPRESENTATION_CONTEXT(2) 
PARAMETRIC_REPRESENTATION_CONTEXT() REPRESENTATION_CONTEXT('2D SPACE',''
  ) );
#1960 = ORIENTED_EDGE('',*,*,#1911,.F.);
#1961 = ORIENTED_EDGE('',*,*,#866,.T.);
#1962 = ADVANCED_FACE('',(#1963),#938,.F.);
#1963 = FACE_BOUND('',#1964,.F.);
#1964 = EDGE_LOOP('',(#1965,#1988,#2015,#2016));
#1965 = ORIENTED_EDGE('',*,*,#1966,.T.);
#1966 = EDGE_CURVE('',#922,#1967,#1969,.T.);
#1967 = VERTEX_POINT('',#1968);
#1968 = CARTESIAN_POINT('',(-24.25,-12.99038105676,0.7));
#1969 = SEAM_CURVE('',#1970,(#1974,#1981),.PCURVE_S1.);
#1970 = LINE('',#1971,#1972);
#1971 = CARTESIAN_POINT('',(-24.25,-12.99038105676,9.2));
#1972 = VECTOR('',#1973,1.);
#1973 = DIRECTION('',(0.,0.,-1.));
#1974 = PCURVE('',#938,#1975);
#1975 = DEFINITIONAL_REPRESENTATION('',(#1976),#1980);
#1976 = LINE('',#1977,#1978);
#1977 = CARTESIAN_POINT('',(6.28318530718,-0.));
#1978 = VECTOR('',#1979,1.);
#1979 = DIRECTION('',(0.,1.));
#1980 = ( GEOMETRIC_REPRESENTATION_CONTEXT(2) 
PARAMETRIC_REPRESENTATION_CONTEXT() REPRESENTATION_CONTEXT('2D SPACE',''
  ) );
#1981 = PCURVE('',#938,#1982);
#1982 = DEFINITIONAL_REPRESENTATION('',(#1983),#1987);
#1983 = LINE('',#1984,#1985);
#1984 = CARTESIAN_POINT('',(0.,-0.));
#1985 = VECTOR('',#1986,1.);
#1986 = DIRECTION('',(0.,1.));
#1987 = ( GEOMETRIC_REPRESENTATION_CONTEXT(2) 
PARAMETRIC_REPRESENTATION_CONTEXT() REPRESENTATION_CONTEXT('2D SPACE',''
  ) );
#1988 = ORIENTED_EDGE('',*,*,#1989,.F.);
#1989 = EDGE_CURVE('',#1967,#1967,#1990,.T.);
#1990 = SURFACE_CURVE('',#1991,(#1996,#2003),.PCURVE_S1.);
#1991 = CIRCLE('',#1992,1.75);
#1992 = AXIS2_PLACEMENT_3D('',#1993,#1994,#1995);
#1993 = CARTESIAN_POINT('',(-22.5,-12.99038105676,0.7));
#1994 = DIRECTION('',(0.,0.,-1.));
#1995 = DIRECTION('',(-1.,0.,0.));
#1996 = PCURVE('',#938,#1997);
#1997 = DEFINITIONAL_REPRESENTATION('',(#1998),#2002);
#1998 = LINE('',#1999,#2000);
#1999 = CARTESIAN_POINT('',(0.,8.5));
#2000 = VECTOR('',#2001,1.);
#2001 = DIRECTION('',(1.,0.));
#2002 = ( GEOMETRIC_REPRESENTATION_CONTEXT(2) 
PARAMETRIC_REPRESENTATION_CONTEXT() REPRESENTATION_CONTEXT('2D SPACE',''
  ) );
#2003 = PCURVE('',#2004,#2009);
#2004 = PLANE('',#2005);
#2005 = AXIS2_PLACEMENT_3D('',#2006,#2007,#2008);
#2006 = CARTESIAN_POINT('',(-22.5,-12.99038105676,0.7));
#2007 = DIRECTION('',(0.,0.,-1.));
#2008 = DIRECTION('',(-1.,0.,0.));
#2009 = DEFINITIONAL_REPRESENTATION('',(#2010),#2014);
#2010 = CIRCLE('',#2011,1.75);
#2011 = AXIS2_PLACEMENT_2D('',#2012,#2013);
#2012 = CARTESIAN_POINT('',(0.,0.));
#2013 = DIRECTION('',(1.,0.));
#2014 = ( GEOMETRIC_REPRESENTATION_CONTEXT(2) 
PARAMETRIC_REPRESENTATION_CONTEXT() REPRESENTATION_CONTEXT('2D SPACE',''
  ) );
#2015 = ORIENTED_EDGE('',*,*,#1966,.F.);
#2016 = ORIENTED_EDGE('',*,*,#921,.T.);
#2017 = ADVANCED_FACE('',(#2018),#993,.F.);
#2018 = FACE_BOUND('',#2019,.F.);
#2019 = EDGE_LOOP('',(#2020,#2043,#2070,#2071));
#2020 = ORIENTED_EDGE('',*,*,#2021,.T.);
#2021 = EDGE_CURVE('',#977,#2022,#2024,.T.);
#2022 = VERTEX_POINT('',#2023);
#2023 = CARTESIAN_POINT('',(-9.25,-12.99038105676,0.7));
#2024 = SEAM_CURVE('',#2025,(#2029,#2036),.PCURVE_S1.);
#2025 = LINE('',#2026,#2027);
#2026 = CARTESIAN_POINT('',(-9.25,-12.99038105676,9.2));
#2027 = VECTOR('',#2028,1.);
#2028 = DIRECTION('',(0.,0.,-1.));
#2029 = PCURVE('',#993,#2030);
#2030 = DEFINITIONAL_REPRESENTATION('',(#2031),#2035);
#2031 = LINE('',#2032,#2033);
#2032 = CARTESIAN_POINT('',(6.28318530718,-0.));
#2033 = VECTOR('',#2034,1.);
#2034 = DIRECTION('',(0.,1.));
#2035 = ( GEOMETRIC_REPRESENTATION_CONTEXT(2) 
PARAMETRIC_REPRESENTATION_CONTEXT() REPRESENTATION_CONTEXT('2D SPACE',''
  ) );
#2036 = PCURVE('',#993,#2037);
#2037 = DEFINITIONAL_REPRESENTATION('',(#2038),#2042);
#2038 = LINE('',#2039,#2040);
#2039 = CARTESIAN_POINT('',(0.,-0.));
#2040 = VECTOR('',#2041,1.);
#2041 = DIRECTION('',(0.,1.));
#2042 = ( GEOMETRIC_REPRESENTATION_CONTEXT(2) 
PARAMETRIC_REPRESENTATION_CONTEXT() REPRESENTATION_CONTEXT('2D SPACE',''
  ) );
#2043 = ORIENTED_EDGE('',*,*,#2044,.F.);
#2044 = EDGE_CURVE('',#2022,#2022,#2045,.T.);
#2045 = SURFACE_CURVE('',#2046,(#2051,#2058),.PCURVE_S1.);
#2046 = CIRCLE('',#2047,1.75);
#2047 = AXIS2_PLACEMENT_3D('',#2048,#2049,#2050);
#2048 = CARTESIAN_POINT('',(-7.5,-12.99038105676,0.7));
#2049 = DIRECTION('',(0.,0.,-1.));
#2050 = DIRECTION('',(-1.,0.,0.));
#2051 = PCURVE('',#993,#2052);
#2052 = DEFINITIONAL_REPRESENTATION('',(#2053),#2057);
#2053 = LINE('',#2054,#2055);
#2054 = CARTESIAN_POINT('',(0.,8.5));
#2055 = VECTOR('',#2056,1.);
#2056 = DIRECTION('',(1.,0.));
#2057 = ( GEOMETRIC_REPRESENTATION_CONTEXT(2) 
PARAMETRIC_REPRESENTATION_CONTEXT() REPRESENTATION_CONTEXT('2D SPACE',''
  ) );
#2058 = PCURVE('',#2059,#2064);
#2059 = PLANE('',#2060);
#2060 = AXIS2_PLACEMENT_3D('',#2061,#2062,#2063);
#2061 = CARTESIAN_POINT('',(-7.5,-12.99038105676,0.7));
#2062 = DIRECTION('',(0.,0.,-1.));
#2063 = DIRECTION('',(-1.,0.,0.));
#2064 = DEFINITIONAL_REPRESENTATION('',(#2065),#2069);
#2065 = CIRCLE('',#2066,1.75);
#2066 = AXIS2_PLACEMENT_2D('',#2067,#2068);
#2067 = CARTESIAN_POINT('',(0.,0.));
#2068 = DIRECTION('',(1.,0.));
#2069 = ( GEOMETRIC_REPRESENTATION_CONTEXT(2) 
PARAMETRIC_REPRESENTATION_CONTEXT() REPRESENTATION_CONTEXT('2D SPACE',''
  ) );
#2070 = ORIENTED_EDGE('',*,*,#2021,.F.);
#2071 = ORIENTED_EDGE('',*,*,#976,.T.);
#2072 = ADVANCED_FACE('',(#2073),#1048,.F.);
#2073 = FACE_BOUND('',#2074,.F.);
#2074 = EDGE_LOOP('',(#2075,#2098,#2125,#2126));
#2075 = ORIENTED_EDGE('',*,*,#2076,.T.);
#2076 = EDGE_CURVE('',#1032,#2077,#2079,.T.);
#2077 = VERTEX_POINT('',#2078);
#2078 = CARTESIAN_POINT('',(-1.75,-25.98076211353,0.7));
#2079 = SEAM_CURVE('',#2080,(#2084,#2091),.PCURVE_S1.);
#2080 = LINE('',#2081,#2082);
#2081 = CARTESIAN_POINT('',(-1.75,-25.98076211353,9.2));
#2082 = VECTOR('',#2083,1.);
#2083 = DIRECTION('',(0.,0.,-1.));
#2084 = PCURVE('',#1048,#2085);
#2085 = DEFINITIONAL_REPRESENTATION('',(#2086),#2090);
#2086 = LINE('',#2087,#2088);
#2087 = CARTESIAN_POINT('',(6.28318530718,-0.));
#2088 = VECTOR('',#2089,1.);
#2089 = DIRECTION('',(0.,1.));
#2090 = ( GEOMETRIC_REPRESENTATION_CONTEXT(2) 
PARAMETRIC_REPRESENTATION_CONTEXT() REPRESENTATION_CONTEXT('2D SPACE',''
  ) );
#2091 = PCURVE('',#1048,#2092);
#2092 = DEFINITIONAL_REPRESENTATION('',(#2093),#2097);
#2093 = LINE('',#2094,#2095);
#2094 = CARTESIAN_POINT('',(0.,-0.));
#2095 = VECTOR('',#2096,1.);
#2096 = DIRECTION('',(0.,1.));
#2097 = ( GEOMETRIC_REPRESENTATION_CONTEXT(2) 
PARAMETRIC_REPRESENTATION_CONTEXT() REPRESENTATION_CONTEXT('2D SPACE',''
  ) );
#2098 = ORIENTED_EDGE('',*,*,#2099,.F.);
#2099 = EDGE_CURVE('',#2077,#2077,#2100,.T.);
#2100 = SURFACE_CURVE('',#2101,(#2106,#2113),.PCURVE_S1.);
#2101 = CIRCLE('',#2102,1.75);
#2102 = AXIS2_PLACEMENT_3D('',#2103,#2104,#2105);
#2103 = CARTESIAN_POINT('',(0.,-25.98076211353,0.7));
#2104 = DIRECTION('',(0.,0.,-1.));
#2105 = DIRECTION('',(-1.,0.,0.));
#2106 = PCURVE('',#1048,#2107);
#2107 = DEFINITIONAL_REPRESENTATION('',(#2108),#2112);
#2108 = LINE('',#2109,#2110);
#2109 = CARTESIAN_POINT('',(0.,8.5));
#2110 = VECTOR('',#2111,1.);
#2111 = DIRECTION('',(1.,0.));
#2112 = ( GEOMETRIC_REPRESENTATION_CONTEXT(2) 
PARAMETRIC_REPRESENTATION_CONTEXT() REPRESENTATION_CONTEXT('2D SPACE',''
  ) );
#2113 = PCURVE('',#2114,#2119);
#2114 = PLANE('',#2115);
#2115 = AXIS2_PLACEMENT_3D('',#2116,#2117,#2118);
#2116 = CARTESIAN_POINT('',(0.,-25.98076211353,0.7));
#2117 = DIRECTION('',(0.,0.,-1.));
#2118 = DIRECTION('',(-1.,0.,0.));
#2119 = DEFINITIONAL_REPRESENTATION('',(#2120),#2124);
#2120 = CIRCLE('',#2121,1.75);
#2121 = AXIS2_PLACEMENT_2D('',#2122,#2123);
#2122 = CARTESIAN_POINT('',(0.,0.));
#2123 = DIRECTION('',(1.,0.));
#2124 = ( GEOMETRIC_REPRESENTATION_CONTEXT(2) 
PARAMETRIC_REPRESENTATION_CONTEXT() REPRESENTATION_CONTEXT('2D SPACE',''
  ) );
#2125 = ORIENTED_EDGE('',*,*,#2076,.F.);
#2126 = ORIENTED_EDGE('',*,*,#1031,.T.);
#2127 = ADVANCED_FACE('',(#2128),#1103,.F.);
#2128 = FACE_BOUND('',#2129,.F.);
#2129 = EDGE_LOOP('',(#2130,#2153,#2180,#2181));
#2130 = ORIENTED_EDGE('',*,*,#2131,.T.);
#2131 = EDGE_CURVE('',#1087,#2132,#2134,.T.);
#2132 = VERTEX_POINT('',#2133);
#2133 = CARTESIAN_POINT('',(13.25,-25.98076211353,0.7));
#2134 = SEAM_CURVE('',#2135,(#2139,#2146),.PCURVE_S1.);
#2135 = LINE('',#2136,#2137);
#2136 = CARTESIAN_POINT('',(13.25,-25.98076211353,9.2));
#2137 = VECTOR('',#2138,1.);
#2138 = DIRECTION('',(0.,0.,-1.));
#2139 = PCURVE('',#1103,#2140);
#2140 = DEFINITIONAL_REPRESENTATION('',(#2141),#2145);
#2141 = LINE('',#2142,#2143);
#2142 = CARTESIAN_POINT('',(6.28318530718,-0.));
#2143 = VECTOR('',#2144,1.);
#2144 = DIRECTION('',(0.,1.));
#2145 = ( GEOMETRIC_REPRESENTATION_CONTEXT(2) 
PARAMETRIC_REPRESENTATION_CONTEXT() REPRESENTATION_CONTEXT('2D SPACE',''
  ) );
#2146 = PCURVE('',#1103,#2147);
#2147 = DEFINITIONAL_REPRESENTATION('',(#2148),#2152);
#2148 = LINE('',#2149,#2150);
#2149 = CARTESIAN_POINT('',(0.,-0.));
#2150 = VECTOR('',#2151,1.);
#2151 = DIRECTION('',(0.,1.));
#2152 = ( GEOMETRIC_REPRESENTATION_CONTEXT(2) 
PARAMETRIC_REPRESENTATION_CONTEXT() REPRESENTATION_CONTEXT('2D SPACE',''
  ) );
#2153 = ORIENTED_EDGE('',*,*,#2154,.F.);
#2154 = EDGE_CURVE('',#2132,#2132,#2155,.T.);
#2155 = SURFACE_CURVE('',#2156,(#2161,#2168),.PCURVE_S1.);
#2156 = CIRCLE('',#2157,1.75);
#2157 = AXIS2_PLACEMENT_3D('',#2158,#2159,#2160);
#2158 = CARTESIAN_POINT('',(15.,-25.98076211353,0.7));
#2159 = DIRECTION('',(0.,0.,-1.));
#2160 = DIRECTION('',(-1.,0.,0.));
#2161 = PCURVE('',#1103,#2162);
#2162 = DEFINITIONAL_REPRESENTATION('',(#2163),#2167);
#2163 = LINE('',#2164,#2165);
#2164 = CARTESIAN_POINT('',(0.,8.5));
#2165 = VECTOR('',#2166,1.);
#2166 = DIRECTION('',(1.,0.));
#2167 = ( GEOMETRIC_REPRESENTATION_CONTEXT(2) 
PARAMETRIC_REPRESENTATION_CONTEXT() REPRESENTATION_CONTEXT('2D SPACE',''
  ) );
#2168 = PCURVE('',#2169,#2174);
#2169 = PLANE('',#2170);
#2170 = AXIS2_PLACEMENT_3D('',#2171,#2172,#2173);
#2171 = CARTESIAN_POINT('',(15.,-25.98076211353,0.7));
#2172 = DIRECTION('',(0.,0.,-1.));
#2173 = DIRECTION('',(-1.,0.,0.));
#2174 = DEFINITIONAL_REPRESENTATION('',(#2175),#2179);
#2175 = CIRCLE('',#2176,1.75);
#2176 = AXIS2_PLACEMENT_2D('',#2177,#2178);
#2177 = CARTESIAN_POINT('',(0.,0.));
#2178 = DIRECTION('',(1.,0.));
#2179 = ( GEOMETRIC_REPRESENTATION_CONTEXT(2) 
PARAMETRIC_REPRESENTATION_CONTEXT() REPRESENTATION_CONTEXT('2D SPACE',''
  ) );
#2180 = ORIENTED_EDGE('',*,*,#2131,.F.);
#2181 = ORIENTED_EDGE('',*,*,#1086,.T.);
#2182 = ADVANCED_FACE('',(#2183),#1158,.F.);
#2183 = FACE_BOUND('',#2184,.F.);
#2184 = EDGE_LOOP('',(#2185,#2208,#2235,#2236));
#2185 = ORIENTED_EDGE('',*,*,#2186,.T.);
#2186 = EDGE_CURVE('',#1142,#2187,#2189,.T.);
#2187 = VERTEX_POINT('',#2188);
#2188 = CARTESIAN_POINT('',(5.75,-12.99038105676,0.7));
#2189 = SEAM_CURVE('',#2190,(#2194,#2201),.PCURVE_S1.);
#2190 = LINE('',#2191,#2192);
#2191 = CARTESIAN_POINT('',(5.75,-12.99038105676,9.2));
#2192 = VECTOR('',#2193,1.);
#2193 = DIRECTION('',(0.,0.,-1.));
#2194 = PCURVE('',#1158,#2195);
#2195 = DEFINITIONAL_REPRESENTATION('',(#2196),#2200);
#2196 = LINE('',#2197,#2198);
#2197 = CARTESIAN_POINT('',(6.28318530718,-0.));
#2198 = VECTOR('',#2199,1.);
#2199 = DIRECTION('',(0.,1.));
#2200 = ( GEOMETRIC_REPRESENTATION_CONTEXT(2) 
PARAMETRIC_REPRESENTATION_CONTEXT() REPRESENTATION_CONTEXT('2D SPACE',''
  ) );
#2201 = PCURVE('',#1158,#2202);
#2202 = DEFINITIONAL_REPRESENTATION('',(#2203),#2207);
#2203 = LINE('',#2204,#2205);
#2204 = CARTESIAN_POINT('',(0.,-0.));
#2205 = VECTOR('',#2206,1.);
#2206 = DIRECTION('',(0.,1.));
#2207 = ( GEOMETRIC_REPRESENTATION_CONTEXT(2) 
PARAMETRIC_REPRESENTATION_CONTEXT() REPRESENTATION_CONTEXT('2D SPACE',''
  ) );
#2208 = ORIENTED_EDGE('',*,*,#2209,.F.);
#2209 = EDGE_CURVE('',#2187,#2187,#2210,.T.);
#2210 = SURFACE_CURVE('',#2211,(#2216,#2223),.PCURVE_S1.);
#2211 = CIRCLE('',#2212,1.75);
#2212 = AXIS2_PLACEMENT_3D('',#2213,#2214,#2215);
#2213 = CARTESIAN_POINT('',(7.5,-12.99038105676,0.7));
#2214 = DIRECTION('',(0.,0.,-1.));
#2215 = DIRECTION('',(-1.,0.,0.));
#2216 = PCURVE('',#1158,#2217);
#2217 = DEFINITIONAL_REPRESENTATION('',(#2218),#2222);
#2218 = LINE('',#2219,#2220);
#2219 = CARTESIAN_POINT('',(0.,8.5));
#2220 = VECTOR('',#2221,1.);
#2221 = DIRECTION('',(1.,0.));
#2222 = ( GEOMETRIC_REPRESENTATION_CONTEXT(2) 
PARAMETRIC_REPRESENTATION_CONTEXT() REPRESENTATION_CONTEXT('2D SPACE',''
  ) );
#2223 = PCURVE('',#2224,#2229);
#2224 = PLANE('',#2225);
#2225 = AXIS2_PLACEMENT_3D('',#2226,#2227,#2228);
#2226 = CARTESIAN_POINT('',(7.5,-12.99038105676,0.7));
#2227 = DIRECTION('',(0.,0.,-1.));
#2228 = DIRECTION('',(-1.,0.,0.));
#2229 = DEFINITIONAL_REPRESENTATION('',(#2230),#2234);
#2230 = CIRCLE('',#2231,1.75);
#2231 = AXIS2_PLACEMENT_2D('',#2232,#2233);
#2232 = CARTESIAN_POINT('',(0.,0.));
#2233 = DIRECTION('',(1.,0.));
#2234 = ( GEOMETRIC_REPRESENTATION_CONTEXT(2) 
PARAMETRIC_REPRESENTATION_CONTEXT() REPRESENTATION_CONTEXT('2D SPACE',''
  ) );
#2235 = ORIENTED_EDGE('',*,*,#2186,.F.);
#2236 = ORIENTED_EDGE('',*,*,#1141,.T.);
#2237 = ADVANCED_FACE('',(#2238),#1213,.F.);
#2238 = FACE_BOUND('',#2239,.F.);
#2239 = EDGE_LOOP('',(#2240,#2263,#2290,#2291));
#2240 = ORIENTED_EDGE('',*,*,#2241,.T.);
#2241 = EDGE_CURVE('',#1197,#2242,#2244,.T.);
#2242 = VERTEX_POINT('',#2243);
#2243 = CARTESIAN_POINT('',(20.75,-12.99038105676,0.7));
#2244 = SEAM_CURVE('',#2245,(#2249,#2256),.PCURVE_S1.);
#2245 = LINE('',#2246,#2247);
#2246 = CARTESIAN_POINT('',(20.75,-12.99038105676,9.2));
#2247 = VECTOR('',#2248,1.);
#2248 = DIRECTION('',(0.,0.,-1.));
#2249 = PCURVE('',#1213,#2250);
#2250 = DEFINITIONAL_REPRESENTATION('',(#2251),#2255);
#2251 = LINE('',#2252,#2253);
#2252 = CARTESIAN_POINT('',(6.28318530718,-0.));
#2253 = VECTOR('',#2254,1.);
#2254 = DIRECTION('',(0.,1.));
#2255 = ( GEOMETRIC_REPRESENTATION_CONTEXT(2) 
PARAMETRIC_REPRESENTATION_CONTEXT() REPRESENTATION_CONTEXT('2D SPACE',''
  ) );
#2256 = PCURVE('',#1213,#2257);
#2257 = DEFINITIONAL_REPRESENTATION('',(#2258),#2262);
#2258 = LINE('',#2259,#2260);
#2259 = CARTESIAN_POINT('',(0.,-0.));
#2260 = VECTOR('',#2261,1.);
#2261 = DIRECTION('',(0.,1.));
#2262 = ( GEOMETRIC_REPRESENTATION_CONTEXT(2) 
PARAMETRIC_REPRESENTATION_CONTEXT() REPRESENTATION_CONTEXT('2D SPACE',''
  ) );
#2263 = ORIENTED_EDGE('',*,*,#2264,.F.);
#2264 = EDGE_CURVE('',#2242,#2242,#2265,.T.);
#2265 = SURFACE_CURVE('',#2266,(#2271,#2278),.PCURVE_S1.);
#2266 = CIRCLE('',#2267,1.75);
#2267 = AXIS2_PLACEMENT_3D('',#2268,#2269,#2270);
#2268 = CARTESIAN_POINT('',(22.5,-12.99038105676,0.7));
#2269 = DIRECTION('',(0.,0.,-1.));
#2270 = DIRECTION('',(-1.,0.,0.));
#2271 = PCURVE('',#1213,#2272);
#2272 = DEFINITIONAL_REPRESENTATION('',(#2273),#2277);
#2273 = LINE('',#2274,#2275);
#2274 = CARTESIAN_POINT('',(0.,8.5));
#2275 = VECTOR('',#2276,1.);
#2276 = DIRECTION('',(1.,0.));
#2277 = ( GEOMETRIC_REPRESENTATION_CONTEXT(2) 
PARAMETRIC_REPRESENTATION_CONTEXT() REPRESENTATION_CONTEXT('2D SPACE',''
  ) );
#2278 = PCURVE('',#2279,#2284);
#2279 = PLANE('',#2280);
#2280 = AXIS2_PLACEMENT_3D('',#2281,#2282,#2283);
#2281 = CARTESIAN_POINT('',(22.5,-12.99038105676,0.7));
#2282 = DIRECTION('',(0.,0.,-1.));
#2283 = DIRECTION('',(-1.,0.,0.));
#2284 = DEFINITIONAL_REPRESENTATION('',(#2285),#2289);
#2285 = CIRCLE('',#2286,1.75);
#2286 = AXIS2_PLACEMENT_2D('',#2287,#2288);
#2287 = CARTESIAN_POINT('',(0.,0.));
#2288 = DIRECTION('',(1.,0.));
#2289 = ( GEOMETRIC_REPRESENTATION_CONTEXT(2) 
PARAMETRIC_REPRESENTATION_CONTEXT() REPRESENTATION_CONTEXT('2D SPACE',''
  ) );
#2290 = ORIENTED_EDGE('',*,*,#2241,.F.);
#2291 = ORIENTED_EDGE('',*,*,#1196,.T.);
#2292 = ADVANCED_FACE('',(#2293),#1268,.F.);
#2293 = FACE_BOUND('',#2294,.F.);
#2294 = EDGE_LOOP('',(#2295,#2318,#2345,#2346));
#2295 = ORIENTED_EDGE('',*,*,#2296,.T.);
#2296 = EDGE_CURVE('',#1252,#2297,#2299,.T.);
#2297 = VERTEX_POINT('',#2298);
#2298 = CARTESIAN_POINT('',(-31.75,-4.286263797016E-16,0.7));
#2299 = SEAM_CURVE('',#2300,(#2304,#2311),.PCURVE_S1.);
#2300 = LINE('',#2301,#2302);
#2301 = CARTESIAN_POINT('',(-31.75,-4.286263797016E-16,9.2));
#2302 = VECTOR('',#2303,1.);
#2303 = DIRECTION('',(0.,0.,-1.));
#2304 = PCURVE('',#1268,#2305);
#2305 = DEFINITIONAL_REPRESENTATION('',(#2306),#2310);
#2306 = LINE('',#2307,#2308);
#2307 = CARTESIAN_POINT('',(6.28318530718,-0.));
#2308 = VECTOR('',#2309,1.);
#2309 = DIRECTION('',(0.,1.));
#2310 = ( GEOMETRIC_REPRESENTATION_CONTEXT(2) 
PARAMETRIC_REPRESENTATION_CONTEXT() REPRESENTATION_CONTEXT('2D SPACE',''
  ) );
#2311 = PCURVE('',#1268,#2312);
#2312 = DEFINITIONAL_REPRESENTATION('',(#2313),#2317);
#2313 = LINE('',#2314,#2315);
#2314 = CARTESIAN_POINT('',(0.,-0.));
#2315 = VECTOR('',#2316,1.);
#2316 = DIRECTION('',(0.,1.));
#2317 = ( GEOMETRIC_REPRESENTATION_CONTEXT(2) 
PARAMETRIC_REPRESENTATION_CONTEXT() REPRESENTATION_CONTEXT('2D SPACE',''
  ) );
#2318 = ORIENTED_EDGE('',*,*,#2319,.F.);
#2319 = EDGE_CURVE('',#2297,#2297,#2320,.T.);
#2320 = SURFACE_CURVE('',#2321,(#2326,#2333),.PCURVE_S1.);
#2321 = CIRCLE('',#2322,1.75);
#2322 = AXIS2_PLACEMENT_3D('',#2323,#2324,#2325);
#2323 = CARTESIAN_POINT('',(-30.,0.,0.7));
#2324 = DIRECTION('',(0.,0.,-1.));
#2325 = DIRECTION('',(-1.,0.,0.));
#2326 = PCURVE('',#1268,#2327);
#2327 = DEFINITIONAL_REPRESENTATION('',(#2328),#2332);
#2328 = LINE('',#2329,#2330);
#2329 = CARTESIAN_POINT('',(0.,8.5));
#2330 = VECTOR('',#2331,1.);
#2331 = DIRECTION('',(1.,0.));
#2332 = ( GEOMETRIC_REPRESENTATION_CONTEXT(2) 
PARAMETRIC_REPRESENTATION_CONTEXT() REPRESENTATION_CONTEXT('2D SPACE',''
  ) );
#2333 = PCURVE('',#2334,#2339);
#2334 = PLANE('',#2335);
#2335 = AXIS2_PLACEMENT_3D('',#2336,#2337,#2338);
#2336 = CARTESIAN_POINT('',(-30.,0.,0.7));
#2337 = DIRECTION('',(0.,0.,-1.));
#2338 = DIRECTION('',(-1.,0.,0.));
#2339 = DEFINITIONAL_REPRESENTATION('',(#2340),#2344);
#2340 = CIRCLE('',#2341,1.75);
#2341 = AXIS2_PLACEMENT_2D('',#2342,#2343);
#2342 = CARTESIAN_POINT('',(0.,0.));
#2343 = DIRECTION('',(1.,0.));
#2344 = ( GEOMETRIC_REPRESENTATION_CONTEXT(2) 
PARAMETRIC_REPRESENTATION_CONTEXT() REPRESENTATION_CONTEXT('2D SPACE',''
  ) );
#2345 = ORIENTED_EDGE('',*,*,#2296,.F.);
#2346 = ORIENTED_EDGE('',*,*,#1251,.T.);
#2347 = ADVANCED_FACE('',(#2348),#1323,.F.);
#2348 = FACE_BOUND('',#2349,.F.);
#2349 = EDGE_LOOP('',(#2350,#2373,#2400,#2401));
#2350 = ORIENTED_EDGE('',*,*,#2351,.T.);
#2351 = EDGE_CURVE('',#1307,#2352,#2354,.T.);
#2352 = VERTEX_POINT('',#2353);
#2353 = CARTESIAN_POINT('',(-24.25,12.990381056767,0.7));
#2354 = SEAM_CURVE('',#2355,(#2359,#2366),.PCURVE_S1.);
#2355 = LINE('',#2356,#2357);
#2356 = CARTESIAN_POINT('',(-24.25,12.990381056767,9.2));
#2357 = VECTOR('',#2358,1.);
#2358 = DIRECTION('',(0.,0.,-1.));
#2359 = PCURVE('',#1323,#2360);
#2360 = DEFINITIONAL_REPRESENTATION('',(#2361),#2365);
#2361 = LINE('',#2362,#2363);
#2362 = CARTESIAN_POINT('',(6.28318530718,-0.));
#2363 = VECTOR('',#2364,1.);
#2364 = DIRECTION('',(0.,1.));
#2365 = ( GEOMETRIC_REPRESENTATION_CONTEXT(2) 
PARAMETRIC_REPRESENTATION_CONTEXT() REPRESENTATION_CONTEXT('2D SPACE',''
  ) );
#2366 = PCURVE('',#1323,#2367);
#2367 = DEFINITIONAL_REPRESENTATION('',(#2368),#2372);
#2368 = LINE('',#2369,#2370);
#2369 = CARTESIAN_POINT('',(0.,-0.));
#2370 = VECTOR('',#2371,1.);
#2371 = DIRECTION('',(0.,1.));
#2372 = ( GEOMETRIC_REPRESENTATION_CONTEXT(2) 
PARAMETRIC_REPRESENTATION_CONTEXT() REPRESENTATION_CONTEXT('2D SPACE',''
  ) );
#2373 = ORIENTED_EDGE('',*,*,#2374,.F.);
#2374 = EDGE_CURVE('',#2352,#2352,#2375,.T.);
#2375 = SURFACE_CURVE('',#2376,(#2381,#2388),.PCURVE_S1.);
#2376 = CIRCLE('',#2377,1.75);
#2377 = AXIS2_PLACEMENT_3D('',#2378,#2379,#2380);
#2378 = CARTESIAN_POINT('',(-22.5,12.990381056767,0.7));
#2379 = DIRECTION('',(0.,0.,-1.));
#2380 = DIRECTION('',(-1.,0.,0.));
#2381 = PCURVE('',#1323,#2382);
#2382 = DEFINITIONAL_REPRESENTATION('',(#2383),#2387);
#2383 = LINE('',#2384,#2385);
#2384 = CARTESIAN_POINT('',(0.,8.5));
#2385 = VECTOR('',#2386,1.);
#2386 = DIRECTION('',(1.,0.));
#2387 = ( GEOMETRIC_REPRESENTATION_CONTEXT(2) 
PARAMETRIC_REPRESENTATION_CONTEXT() REPRESENTATION_CONTEXT('2D SPACE',''
  ) );
#2388 = PCURVE('',#2389,#2394);
#2389 = PLANE('',#2390);
#2390 = AXIS2_PLACEMENT_3D('',#2391,#2392,#2393);
#2391 = CARTESIAN_POINT('',(-22.5,12.990381056767,0.7));
#2392 = DIRECTION('',(0.,0.,-1.));
#2393 = DIRECTION('',(-1.,0.,0.));
#2394 = DEFINITIONAL_REPRESENTATION('',(#2395),#2399);
#2395 = CIRCLE('',#2396,1.75);
#2396 = AXIS2_PLACEMENT_2D('',#2397,#2398);
#2397 = CARTESIAN_POINT('',(0.,0.));
#2398 = DIRECTION('',(1.,0.));
#2399 = ( GEOMETRIC_REPRESENTATION_CONTEXT(2) 
PARAMETRIC_REPRESENTATION_CONTEXT() REPRESENTATION_CONTEXT('2D SPACE',''
  ) );
#2400 = ORIENTED_EDGE('',*,*,#2351,.F.);
#2401 = ORIENTED_EDGE('',*,*,#1306,.T.);
#2402 = ADVANCED_FACE('',(#2403),#1378,.F.);
#2403 = FACE_BOUND('',#2404,.F.);
#2404 = EDGE_LOOP('',(#2405,#2428,#2455,#2456));
#2405 = ORIENTED_EDGE('',*,*,#2406,.T.);
#2406 = EDGE_CURVE('',#1362,#2407,#2409,.T.);
#2407 = VERTEX_POINT('',#2408);
#2408 = CARTESIAN_POINT('',(-16.75,-4.286263797016E-16,0.7));
#2409 = SEAM_CURVE('',#2410,(#2414,#2421),.PCURVE_S1.);
#2410 = LINE('',#2411,#2412);
#2411 = CARTESIAN_POINT('',(-16.75,-4.286263797016E-16,9.2));
#2412 = VECTOR('',#2413,1.);
#2413 = DIRECTION('',(0.,0.,-1.));
#2414 = PCURVE('',#1378,#2415);
#2415 = DEFINITIONAL_REPRESENTATION('',(#2416),#2420);
#2416 = LINE('',#2417,#2418);
#2417 = CARTESIAN_POINT('',(6.28318530718,-0.));
#2418 = VECTOR('',#2419,1.);
#2419 = DIRECTION('',(0.,1.));
#2420 = ( GEOMETRIC_REPRESENTATION_CONTEXT(2) 
PARAMETRIC_REPRESENTATION_CONTEXT() REPRESENTATION_CONTEXT('2D SPACE',''
  ) );
#2421 = PCURVE('',#1378,#2422);
#2422 = DEFINITIONAL_REPRESENTATION('',(#2423),#2427);
#2423 = LINE('',#2424,#2425);
#2424 = CARTESIAN_POINT('',(0.,-0.));
#2425 = VECTOR('',#2426,1.);
#2426 = DIRECTION('',(0.,1.));
#2427 = ( GEOMETRIC_REPRESENTATION_CONTEXT(2) 
PARAMETRIC_REPRESENTATION_CONTEXT() REPRESENTATION_CONTEXT('2D SPACE',''
  ) );
#2428 = ORIENTED_EDGE('',*,*,#2429,.F.);
#2429 = EDGE_CURVE('',#2407,#2407,#2430,.T.);
#2430 = SURFACE_CURVE('',#2431,(#2436,#2443),.PCURVE_S1.);
#2431 = CIRCLE('',#2432,1.75);
#2432 = AXIS2_PLACEMENT_3D('',#2433,#2434,#2435);
#2433 = CARTESIAN_POINT('',(-15.,0.,0.7));
#2434 = DIRECTION('',(0.,0.,-1.));
#2435 = DIRECTION('',(-1.,0.,0.));
#2436 = PCURVE('',#1378,#2437);
#2437 = DEFINITIONAL_REPRESENTATION('',(#2438),#2442);
#2438 = LINE('',#2439,#2440);
#2439 = CARTESIAN_POINT('',(0.,8.5));
#2440 = VECTOR('',#2441,1.);
#2441 = DIRECTION('',(1.,0.));
#2442 = ( GEOMETRIC_REPRESENTATION_CONTEXT(2) 
PARAMETRIC_REPRESENTATION_CONTEXT() REPRESENTATION_CONTEXT('2D SPACE',''
  ) );
#2443 = PCURVE('',#2444,#2449);
#2444 = PLANE('',#2445);
#2445 = AXIS2_PLACEMENT_3D('',#2446,#2447,#2448);
#2446 = CARTESIAN_POINT('',(-15.,0.,0.7));
#2447 = DIRECTION('',(0.,0.,-1.));
#2448 = DIRECTION('',(-1.,0.,0.));
#2449 = DEFINITIONAL_REPRESENTATION('',(#2450),#2454);
#2450 = CIRCLE('',#2451,1.75);
#2451 = AXIS2_PLACEMENT_2D('',#2452,#2453);
#2452 = CARTESIAN_POINT('',(0.,0.));
#2453 = DIRECTION('',(1.,0.));
#2454 = ( GEOMETRIC_REPRESENTATION_CONTEXT(2) 
PARAMETRIC_REPRESENTATION_CONTEXT() REPRESENTATION_CONTEXT('2D SPACE',''
  ) );
#2455 = ORIENTED_EDGE('',*,*,#2406,.F.);
#2456 = ORIENTED_EDGE('',*,*,#1361,.T.);
#2457 = ADVANCED_FACE('',(#2458),#1433,.F.);
#2458 = FACE_BOUND('',#2459,.F.);
#2459 = EDGE_LOOP('',(#2460,#2483,#2510,#2511));
#2460 = ORIENTED_EDGE('',*,*,#2461,.T.);
#2461 = EDGE_CURVE('',#1417,#2462,#2464,.T.);
#2462 = VERTEX_POINT('',#2463);
#2463 = CARTESIAN_POINT('',(-9.25,12.990381056767,0.7));
#2464 = SEAM_CURVE('',#2465,(#2469,#2476),.PCURVE_S1.);
#2465 = LINE('',#2466,#2467);
#2466 = CARTESIAN_POINT('',(-9.25,12.990381056767,9.2));
#2467 = VECTOR('',#2468,1.);
#2468 = DIRECTION('',(0.,0.,-1.));
#2469 = PCURVE('',#1433,#2470);
#2470 = DEFINITIONAL_REPRESENTATION('',(#2471),#2475);
#2471 = LINE('',#2472,#2473);
#2472 = CARTESIAN_POINT('',(6.28318530718,-0.));
#2473 = VECTOR('',#2474,1.);
#2474 = DIRECTION('',(0.,1.));
#2475 = ( GEOMETRIC_REPRESENTATION_CONTEXT(2) 
PARAMETRIC_REPRESENTATION_CONTEXT() REPRESENTATION_CONTEXT('2D SPACE',''
  ) );
#2476 = PCURVE('',#1433,#2477);
#2477 = DEFINITIONAL_REPRESENTATION('',(#2478),#2482);
#2478 = LINE('',#2479,#2480);
#2479 = CARTESIAN_POINT('',(0.,-0.));
#2480 = VECTOR('',#2481,1.);
#2481 = DIRECTION('',(0.,1.));
#2482 = ( GEOMETRIC_REPRESENTATION_CONTEXT(2) 
PARAMETRIC_REPRESENTATION_CONTEXT() REPRESENTATION_CONTEXT('2D SPACE',''
  ) );
#2483 = ORIENTED_EDGE('',*,*,#2484,.F.);
#2484 = EDGE_CURVE('',#2462,#2462,#2485,.T.);
#2485 = SURFACE_CURVE('',#2486,(#2491,#2498),.PCURVE_S1.);
#2486 = CIRCLE('',#2487,1.75);
#2487 = AXIS2_PLACEMENT_3D('',#2488,#2489,#2490);
#2488 = CARTESIAN_POINT('',(-7.5,12.990381056767,0.7));
#2489 = DIRECTION('',(0.,0.,-1.));
#2490 = DIRECTION('',(-1.,0.,0.));
#2491 = PCURVE('',#1433,#2492);
#2492 = DEFINITIONAL_REPRESENTATION('',(#2493),#2497);
#2493 = LINE('',#2494,#2495);
#2494 = CARTESIAN_POINT('',(0.,8.5));
#2495 = VECTOR('',#2496,1.);
#2496 = DIRECTION('',(1.,0.));
#2497 = ( GEOMETRIC_REPRESENTATION_CONTEXT(2) 
PARAMETRIC_REPRESENTATION_CONTEXT() REPRESENTATION_CONTEXT('2D SPACE',''
  ) );
#2498 = PCURVE('',#2499,#2504);
#2499 = PLANE('',#2500);
#2500 = AXIS2_PLACEMENT_3D('',#2501,#2502,#2503);
#2501 = CARTESIAN_POINT('',(-7.5,12.990381056767,0.7));
#2502 = DIRECTION('',(0.,0.,-1.));
#2503 = DIRECTION('',(-1.,0.,0.));
#2504 = DEFINITIONAL_REPRESENTATION('',(#2505),#2509);
#2505 = CIRCLE('',#2506,1.75);
#2506 = AXIS2_PLACEMENT_2D('',#2507,#2508);
#2507 = CARTESIAN_POINT('',(0.,0.));
#2508 = DIRECTION('',(1.,0.));
#2509 = ( GEOMETRIC_REPRESENTATION_CONTEXT(2) 
PARAMETRIC_REPRESENTATION_CONTEXT() REPRESENTATION_CONTEXT('2D SPACE',''
  ) );
#2510 = ORIENTED_EDGE('',*,*,#2461,.F.);
#2511 = ORIENTED_EDGE('',*,*,#1416,.T.);
#2512 = ADVANCED_FACE('',(#2513),#1488,.F.);
#2513 = FACE_BOUND('',#2514,.F.);
#2514 = EDGE_LOOP('',(#2515,#2538,#2565,#2566));
#2515 = ORIENTED_EDGE('',*,*,#2516,.T.);
#2516 = EDGE_CURVE('',#1472,#2517,#2519,.T.);
#2517 = VERTEX_POINT('',#2518);
#2518 = CARTESIAN_POINT('',(-16.75,25.980762113533,0.7));
#2519 = SEAM_CURVE('',#2520,(#2524,#2531),.PCURVE_S1.);
#2520 = LINE('',#2521,#2522);
#2521 = CARTESIAN_POINT('',(-16.75,25.980762113533,9.2));
#2522 = VECTOR('',#2523,1.);
#2523 = DIRECTION('',(0.,0.,-1.));
#2524 = PCURVE('',#1488,#2525);
#2525 = DEFINITIONAL_REPRESENTATION('',(#2526),#2530);
#2526 = LINE('',#2527,#2528);
#2527 = CARTESIAN_POINT('',(6.28318530718,-0.));
#2528 = VECTOR('',#2529,1.);
#2529 = DIRECTION('',(0.,1.));
#2530 = ( GEOMETRIC_REPRESENTATION_CONTEXT(2) 
PARAMETRIC_REPRESENTATION_CONTEXT() REPRESENTATION_CONTEXT('2D SPACE',''
  ) );
#2531 = PCURVE('',#1488,#2532);
#2532 = DEFINITIONAL_REPRESENTATION('',(#2533),#2537);
#2533 = LINE('',#2534,#2535);
#2534 = CARTESIAN_POINT('',(0.,-0.));
#2535 = VECTOR('',#2536,1.);
#2536 = DIRECTION('',(0.,1.));
#2537 = ( GEOMETRIC_REPRESENTATION_CONTEXT(2) 
PARAMETRIC_REPRESENTATION_CONTEXT() REPRESENTATION_CONTEXT('2D SPACE',''
  ) );
#2538 = ORIENTED_EDGE('',*,*,#2539,.F.);
#2539 = EDGE_CURVE('',#2517,#2517,#2540,.T.);
#2540 = SURFACE_CURVE('',#2541,(#2546,#2553),.PCURVE_S1.);
#2541 = CIRCLE('',#2542,1.75);
#2542 = AXIS2_PLACEMENT_3D('',#2543,#2544,#2545);
#2543 = CARTESIAN_POINT('',(-15.,25.980762113533,0.7));
#2544 = DIRECTION('',(0.,0.,-1.));
#2545 = DIRECTION('',(-1.,0.,0.));
#2546 = PCURVE('',#1488,#2547);
#2547 = DEFINITIONAL_REPRESENTATION('',(#2548),#2552);
#2548 = LINE('',#2549,#2550);
#2549 = CARTESIAN_POINT('',(0.,8.5));
#2550 = VECTOR('',#2551,1.);
#2551 = DIRECTION('',(1.,0.));
#2552 = ( GEOMETRIC_REPRESENTATION_CONTEXT(2) 
PARAMETRIC_REPRESENTATION_CONTEXT() REPRESENTATION_CONTEXT('2D SPACE',''
  ) );
#2553 = PCURVE('',#2554,#2559);
#2554 = PLANE('',#2555);
#2555 = AXIS2_PLACEMENT_3D('',#2556,#2557,#2558);
#2556 = CARTESIAN_POINT('',(-15.,25.980762113533,0.7));
#2557 = DIRECTION('',(0.,0.,-1.));
#2558 = DIRECTION('',(-1.,0.,0.));
#2559 = DEFINITIONAL_REPRESENTATION('',(#2560),#2564);
#2560 = CIRCLE('',#2561,1.75);
#2561 = AXIS2_PLACEMENT_2D('',#2562,#2563);
#2562 = CARTESIAN_POINT('',(0.,0.));
#2563 = DIRECTION('',(1.,0.));
#2564 = ( GEOMETRIC_REPRESENTATION_CONTEXT(2) 
PARAMETRIC_REPRESENTATION_CONTEXT() REPRESENTATION_CONTEXT('2D SPACE',''
  ) );
#2565 = ORIENTED_EDGE('',*,*,#2516,.F.);
#2566 = ORIENTED_EDGE('',*,*,#1471,.T.);
#2567 = ADVANCED_FACE('',(#2568),#1543,.F.);
#2568 = FACE_BOUND('',#2569,.F.);
#2569 = EDGE_LOOP('',(#2570,#2593,#2620,#2621));
#2570 = ORIENTED_EDGE('',*,*,#2571,.T.);
#2571 = EDGE_CURVE('',#1527,#2572,#2574,.T.);
#2572 = VERTEX_POINT('',#2573);
#2573 = CARTESIAN_POINT('',(-1.75,-4.286263797016E-16,0.7));
#2574 = SEAM_CURVE('',#2575,(#2579,#2586),.PCURVE_S1.);
#2575 = LINE('',#2576,#2577);
#2576 = CARTESIAN_POINT('',(-1.75,-4.286263797016E-16,9.2));
#2577 = VECTOR('',#2578,1.);
#2578 = DIRECTION('',(0.,0.,-1.));
#2579 = PCURVE('',#1543,#2580);
#2580 = DEFINITIONAL_REPRESENTATION('',(#2581),#2585);
#2581 = LINE('',#2582,#2583);
#2582 = CARTESIAN_POINT('',(6.28318530718,-0.));
#2583 = VECTOR('',#2584,1.);
#2584 = DIRECTION('',(0.,1.));
#2585 = ( GEOMETRIC_REPRESENTATION_CONTEXT(2) 
PARAMETRIC_REPRESENTATION_CONTEXT() REPRESENTATION_CONTEXT('2D SPACE',''
  ) );
#2586 = PCURVE('',#1543,#2587);
#2587 = DEFINITIONAL_REPRESENTATION('',(#2588),#2592);
#2588 = LINE('',#2589,#2590);
#2589 = CARTESIAN_POINT('',(0.,-0.));
#2590 = VECTOR('',#2591,1.);
#2591 = DIRECTION('',(0.,1.));
#2592 = ( GEOMETRIC_REPRESENTATION_CONTEXT(2) 
PARAMETRIC_REPRESENTATION_CONTEXT() REPRESENTATION_CONTEXT('2D SPACE',''
  ) );
#2593 = ORIENTED_EDGE('',*,*,#2594,.F.);
#2594 = EDGE_CURVE('',#2572,#2572,#2595,.T.);
#2595 = SURFACE_CURVE('',#2596,(#2601,#2608),.PCURVE_S1.);
#2596 = CIRCLE('',#2597,1.75);
#2597 = AXIS2_PLACEMENT_3D('',#2598,#2599,#2600);
#2598 = CARTESIAN_POINT('',(0.,0.,0.7));
#2599 = DIRECTION('',(0.,0.,-1.));
#2600 = DIRECTION('',(-1.,0.,0.));
#2601 = PCURVE('',#1543,#2602);
#2602 = DEFINITIONAL_REPRESENTATION('',(#2603),#2607);
#2603 = LINE('',#2604,#2605);
#2604 = CARTESIAN_POINT('',(0.,8.5));
#2605 = VECTOR('',#2606,1.);
#2606 = DIRECTION('',(1.,0.));
#2607 = ( GEOMETRIC_REPRESENTATION_CONTEXT(2) 
PARAMETRIC_REPRESENTATION_CONTEXT() REPRESENTATION_CONTEXT('2D SPACE',''
  ) );
#2608 = PCURVE('',#2609,#2614);
#2609 = PLANE('',#2610);
#2610 = AXIS2_PLACEMENT_3D('',#2611,#2612,#2613);
#2611 = CARTESIAN_POINT('',(0.,0.,0.7));
#2612 = DIRECTION('',(0.,0.,-1.));
#2613 = DIRECTION('',(-1.,0.,0.));
#2614 = DEFINITIONAL_REPRESENTATION('',(#2615),#2619);
#2615 = CIRCLE('',#2616,1.75);
#2616 = AXIS2_PLACEMENT_2D('',#2617,#2618);
#2617 = CARTESIAN_POINT('',(0.,0.));
#2618 = DIRECTION('',(1.,0.));
#2619 = ( GEOMETRIC_REPRESENTATION_CONTEXT(2) 
PARAMETRIC_REPRESENTATION_CONTEXT() REPRESENTATION_CONTEXT('2D SPACE',''
  ) );
#2620 = ORIENTED_EDGE('',*,*,#2571,.F.);
#2621 = ORIENTED_EDGE('',*,*,#1526,.T.);
#2622 = ADVANCED_FACE('',(#2623),#1598,.F.);
#2623 = FACE_BOUND('',#2624,.F.);
#2624 = EDGE_LOOP('',(#2625,#2648,#2675,#2676));
#2625 = ORIENTED_EDGE('',*,*,#2626,.T.);
#2626 = EDGE_CURVE('',#1582,#2627,#2629,.T.);
#2627 = VERTEX_POINT('',#2628);
#2628 = CARTESIAN_POINT('',(13.25,-4.286263797016E-16,0.7));
#2629 = SEAM_CURVE('',#2630,(#2634,#2641),.PCURVE_S1.);
#2630 = LINE('',#2631,#2632);
#2631 = CARTESIAN_POINT('',(13.25,-4.286263797016E-16,9.2));
#2632 = VECTOR('',#2633,1.);
#2633 = DIRECTION('',(0.,0.,-1.));
#2634 = PCURVE('',#1598,#2635);
#2635 = DEFINITIONAL_REPRESENTATION('',(#2636),#2640);
#2636 = LINE('',#2637,#2638);
#2637 = CARTESIAN_POINT('',(6.28318530718,-0.));
#2638 = VECTOR('',#2639,1.);
#2639 = DIRECTION('',(0.,1.));
#2640 = ( GEOMETRIC_REPRESENTATION_CONTEXT(2) 
PARAMETRIC_REPRESENTATION_CONTEXT() REPRESENTATION_CONTEXT('2D SPACE',''
  ) );
#2641 = PCURVE('',#1598,#2642);
#2642 = DEFINITIONAL_REPRESENTATION('',(#2643),#2647);
#2643 = LINE('',#2644,#2645);
#2644 = CARTESIAN_POINT('',(0.,-0.));
#2645 = VECTOR('',#2646,1.);
#2646 = DIRECTION('',(0.,1.));
#2647 = ( GEOMETRIC_REPRESENTATION_CONTEXT(2) 
PARAMETRIC_REPRESENTATION_CONTEXT() REPRESENTATION_CONTEXT('2D SPACE',''
  ) );
#2648 = ORIENTED_EDGE('',*,*,#2649,.F.);
#2649 = EDGE_CURVE('',#2627,#2627,#2650,.T.);
#2650 = SURFACE_CURVE('',#2651,(#2656,#2663),.PCURVE_S1.);
#2651 = CIRCLE('',#2652,1.75);
#2652 = AXIS2_PLACEMENT_3D('',#2653,#2654,#2655);
#2653 = CARTESIAN_POINT('',(15.,0.,0.7));
#2654 = DIRECTION('',(0.,0.,-1.));
#2655 = DIRECTION('',(-1.,0.,0.));
#2656 = PCURVE('',#1598,#2657);
#2657 = DEFINITIONAL_REPRESENTATION('',(#2658),#2662);
#2658 = LINE('',#2659,#2660);
#2659 = CARTESIAN_POINT('',(0.,8.5));
#2660 = VECTOR('',#2661,1.);
#2661 = DIRECTION('',(1.,0.));
#2662 = ( GEOMETRIC_REPRESENTATION_CONTEXT(2) 
PARAMETRIC_REPRESENTATION_CONTEXT() REPRESENTATION_CONTEXT('2D SPACE',''
  ) );
#2663 = PCURVE('',#2664,#2669);
#2664 = PLANE('',#2665);
#2665 = AXIS2_PLACEMENT_3D('',#2666,#2667,#2668);
#2666 = CARTESIAN_POINT('',(15.,0.,0.7));
#2667 = DIRECTION('',(0.,0.,-1.));
#2668 = DIRECTION('',(-1.,0.,0.));
#2669 = DEFINITIONAL_REPRESENTATION('',(#2670),#2674);
#2670 = CIRCLE('',#2671,1.75);
#2671 = AXIS2_PLACEMENT_2D('',#2672,#2673);
#2672 = CARTESIAN_POINT('',(0.,0.));
#2673 = DIRECTION('',(1.,0.));
#2674 = ( GEOMETRIC_REPRESENTATION_CONTEXT(2) 
PARAMETRIC_REPRESENTATION_CONTEXT() REPRESENTATION_CONTEXT('2D SPACE',''
  ) );
#2675 = ORIENTED_EDGE('',*,*,#2626,.F.);
#2676 = ORIENTED_EDGE('',*,*,#1581,.T.);
#2677 = ADVANCED_FACE('',(#2678),#1653,.F.);
#2678 = FACE_BOUND('',#2679,.F.);
#2679 = EDGE_LOOP('',(#2680,#2703,#2730,#2731));
#2680 = ORIENTED_EDGE('',*,*,#2681,.T.);
#2681 = EDGE_CURVE('',#1637,#2682,#2684,.T.);
#2682 = VERTEX_POINT('',#2683);
#2683 = CARTESIAN_POINT('',(5.75,12.990381056767,0.7));
#2684 = SEAM_CURVE('',#2685,(#2689,#2696),.PCURVE_S1.);
#2685 = LINE('',#2686,#2687);
#2686 = CARTESIAN_POINT('',(5.75,12.990381056767,9.2));
#2687 = VECTOR('',#2688,1.);
#2688 = DIRECTION('',(0.,0.,-1.));
#2689 = PCURVE('',#1653,#2690);
#2690 = DEFINITIONAL_REPRESENTATION('',(#2691),#2695);
#2691 = LINE('',#2692,#2693);
#2692 = CARTESIAN_POINT('',(6.28318530718,-0.));
#2693 = VECTOR('',#2694,1.);
#2694 = DIRECTION('',(0.,1.));
#2695 = ( GEOMETRIC_REPRESENTATION_CONTEXT(2) 
PARAMETRIC_REPRESENTATION_CONTEXT() REPRESENTATION_CONTEXT('2D SPACE',''
  ) );
#2696 = PCURVE('',#1653,#2697);
#2697 = DEFINITIONAL_REPRESENTATION('',(#2698),#2702);
#2698 = LINE('',#2699,#2700);
#2699 = CARTESIAN_POINT('',(0.,-0.));
#2700 = VECTOR('',#2701,1.);
#2701 = DIRECTION('',(0.,1.));
#2702 = ( GEOMETRIC_REPRESENTATION_CONTEXT(2) 
PARAMETRIC_REPRESENTATION_CONTEXT() REPRESENTATION_CONTEXT('2D SPACE',''
  ) );
#2703 = ORIENTED_EDGE('',*,*,#2704,.F.);
#2704 = EDGE_CURVE('',#2682,#2682,#2705,.T.);
#2705 = SURFACE_CURVE('',#2706,(#2711,#2718),.PCURVE_S1.);
#2706 = CIRCLE('',#2707,1.75);
#2707 = AXIS2_PLACEMENT_3D('',#2708,#2709,#2710);
#2708 = CARTESIAN_POINT('',(7.5,12.990381056767,0.7));
#2709 = DIRECTION('',(0.,0.,-1.));
#2710 = DIRECTION('',(-1.,0.,0.));
#2711 = PCURVE('',#1653,#2712);
#2712 = DEFINITIONAL_REPRESENTATION('',(#2713),#2717);
#2713 = LINE('',#2714,#2715);
#2714 = CARTESIAN_POINT('',(0.,8.5));
#2715 = VECTOR('',#2716,1.);
#2716 = DIRECTION('',(1.,0.));
#2717 = ( GEOMETRIC_REPRESENTATION_CONTEXT(2) 
PARAMETRIC_REPRESENTATION_CONTEXT() REPRESENTATION_CONTEXT('2D SPACE',''
  ) );
#2718 = PCURVE('',#2719,#2724);
#2719 = PLANE('',#2720);
#2720 = AXIS2_PLACEMENT_3D('',#2721,#2722,#2723);
#2721 = CARTESIAN_POINT('',(7.5,12.990381056767,0.7));
#2722 = DIRECTION('',(0.,0.,-1.));
#2723 = DIRECTION('',(-1.,0.,0.));
#2724 = DEFINITIONAL_REPRESENTATION('',(#2725),#2729);
#2725 = CIRCLE('',#2726,1.75);
#2726 = AXIS2_PLACEMENT_2D('',#2727,#2728);
#2727 = CARTESIAN_POINT('',(0.,0.));
#2728 = DIRECTION('',(1.,0.));
#2729 = ( GEOMETRIC_REPRESENTATION_CONTEXT(2) 
PARAMETRIC_REPRESENTATION_CONTEXT() REPRESENTATION_CONTEXT('2D SPACE',''
  ) );
#2730 = ORIENTED_EDGE('',*,*,#2681,.F.);
#2731 = ORIENTED_EDGE('',*,*,#1636,.T.);
#2732 = ADVANCED_FACE('',(#2733),#1708,.F.);
#2733 = FACE_BOUND('',#2734,.F.);
#2734 = EDGE_LOOP('',(#2735,#2758,#2785,#2786));
#2735 = ORIENTED_EDGE('',*,*,#2736,.T.);
#2736 = EDGE_CURVE('',#1692,#2737,#2739,.T.);
#2737 = VERTEX_POINT('',#2738);
#2738 = CARTESIAN_POINT('',(28.25,-4.286263797016E-16,0.7));
#2739 = SEAM_CURVE('',#2740,(#2744,#2751),.PCURVE_S1.);
#2740 = LINE('',#2741,#2742);
#2741 = CARTESIAN_POINT('',(28.25,-4.286263797016E-16,9.2));
#2742 = VECTOR('',#2743,1.);
#2743 = DIRECTION('',(0.,0.,-1.));
#2744 = PCURVE('',#1708,#2745);
#2745 = DEFINITIONAL_REPRESENTATION('',(#2746),#2750);
#2746 = LINE('',#2747,#2748);
#2747 = CARTESIAN_POINT('',(6.28318530718,-0.));
#2748 = VECTOR('',#2749,1.);
#2749 = DIRECTION('',(0.,1.));
#2750 = ( GEOMETRIC_REPRESENTATION_CONTEXT(2) 
PARAMETRIC_REPRESENTATION_CONTEXT() REPRESENTATION_CONTEXT('2D SPACE',''
  ) );
#2751 = PCURVE('',#1708,#2752);
#2752 = DEFINITIONAL_REPRESENTATION('',(#2753),#2757);
#2753 = LINE('',#2754,#2755);
#2754 = CARTESIAN_POINT('',(0.,-0.));
#2755 = VECTOR('',#2756,1.);
#2756 = DIRECTION('',(0.,1.));
#2757 = ( GEOMETRIC_REPRESENTATION_CONTEXT(2) 
PARAMETRIC_REPRESENTATION_CONTEXT() REPRESENTATION_CONTEXT('2D SPACE',''
  ) );
#2758 = ORIENTED_EDGE('',*,*,#2759,.F.);
#2759 = EDGE_CURVE('',#2737,#2737,#2760,.T.);
#2760 = SURFACE_CURVE('',#2761,(#2766,#2773),.PCURVE_S1.);
#2761 = CIRCLE('',#2762,1.75);
#2762 = AXIS2_PLACEMENT_3D('',#2763,#2764,#2765);
#2763 = CARTESIAN_POINT('',(30.,0.,0.7));
#2764 = DIRECTION('',(0.,0.,-1.));
#2765 = DIRECTION('',(-1.,0.,0.));
#2766 = PCURVE('',#1708,#2767);
#2767 = DEFINITIONAL_REPRESENTATION('',(#2768),#2772);
#2768 = LINE('',#2769,#2770);
#2769 = CARTESIAN_POINT('',(0.,8.5));
#2770 = VECTOR('',#2771,1.);
#2771 = DIRECTION('',(1.,0.));
#2772 = ( GEOMETRIC_REPRESENTATION_CONTEXT(2) 
PARAMETRIC_REPRESENTATION_CONTEXT() REPRESENTATION_CONTEXT('2D SPACE',''
  ) );
#2773 = PCURVE('',#2774,#2779);
#2774 = PLANE('',#2775);
#2775 = AXIS2_PLACEMENT_3D('',#2776,#2777,#2778);
#2776 = CARTESIAN_POINT('',(30.,0.,0.7));
#2777 = DIRECTION('',(0.,0.,-1.));
#2778 = DIRECTION('',(-1.,0.,0.));
#2779 = DEFINITIONAL_REPRESENTATION('',(#2780),#2784);
#2780 = CIRCLE('',#2781,1.75);
#2781 = AXIS2_PLACEMENT_2D('',#2782,#2783);
#2782 = CARTESIAN_POINT('',(0.,0.));
#2783 = DIRECTION('',(1.,0.));
#2784 = ( GEOMETRIC_REPRESENTATION_CONTEXT(2) 
PARAMETRIC_REPRESENTATION_CONTEXT() REPRESENTATION_CONTEXT('2D SPACE',''
  ) );
#2785 = ORIENTED_EDGE('',*,*,#2736,.F.);
#2786 = ORIENTED_EDGE('',*,*,#1691,.T.);
#2787 = ADVANCED_FACE('',(#2788),#1763,.F.);
#2788 = FACE_BOUND('',#2789,.F.);
#2789 = EDGE_LOOP('',(#2790,#2813,#2840,#2841));
#2790 = ORIENTED_EDGE('',*,*,#2791,.T.);
#2791 = EDGE_CURVE('',#1747,#2792,#2794,.T.);
#2792 = VERTEX_POINT('',#2793);
#2793 = CARTESIAN_POINT('',(20.75,12.990381056767,0.7));
#2794 = SEAM_CURVE('',#2795,(#2799,#2806),.PCURVE_S1.);
#2795 = LINE('',#2796,#2797);
#2796 = CARTESIAN_POINT('',(20.75,12.990381056767,9.2));
#2797 = VECTOR('',#2798,1.);
#2798 = DIRECTION('',(0.,0.,-1.));
#2799 = PCURVE('',#1763,#2800);
#2800 = DEFINITIONAL_REPRESENTATION('',(#2801),#2805);
#2801 = LINE('',#2802,#2803);
#2802 = CARTESIAN_POINT('',(6.28318530718,-0.));
#2803 = VECTOR('',#2804,1.);
#2804 = DIRECTION('',(0.,1.));
#2805 = ( GEOMETRIC_REPRESENTATION_CONTEXT(2) 
PARAMETRIC_REPRESENTATION_CONTEXT() REPRESENTATION_CONTEXT('2D SPACE',''
  ) );
#2806 = PCURVE('',#1763,#2807);
#2807 = DEFINITIONAL_REPRESENTATION('',(#2808),#2812);
#2808 = LINE('',#2809,#2810);
#2809 = CARTESIAN_POINT('',(0.,-0.));
#2810 = VECTOR('',#2811,1.);
#2811 = DIRECTION('',(0.,1.));
#2812 = ( GEOMETRIC_REPRESENTATION_CONTEXT(2) 
PARAMETRIC_REPRESENTATION_CONTEXT() REPRESENTATION_CONTEXT('2D SPACE',''
  ) );
#2813 = ORIENTED_EDGE('',*,*,#2814,.F.);
#2814 = EDGE_CURVE('',#2792,#2792,#2815,.T.);
#2815 = SURFACE_CURVE('',#2816,(#2821,#2828),.PCURVE_S1.);
#2816 = CIRCLE('',#2817,1.75);
#2817 = AXIS2_PLACEMENT_3D('',#2818,#2819,#2820);
#2818 = CARTESIAN_POINT('',(22.5,12.990381056767,0.7));
#2819 = DIRECTION('',(0.,0.,-1.));
#2820 = DIRECTION('',(-1.,0.,0.));
#2821 = PCURVE('',#1763,#2822);
#2822 = DEFINITIONAL_REPRESENTATION('',(#2823),#2827);
#2823 = LINE('',#2824,#2825);
#2824 = CARTESIAN_POINT('',(0.,8.5));
#2825 = VECTOR('',#2826,1.);
#2826 = DIRECTION('',(1.,0.));
#2827 = ( GEOMETRIC_REPRESENTATION_CONTEXT(2) 
PARAMETRIC_REPRESENTATION_CONTEXT() REPRESENTATION_CONTEXT('2D SPACE',''
  ) );
#2828 = PCURVE('',#2829,#2834);
#2829 = PLANE('',#2830);
#2830 = AXIS2_PLACEMENT_3D('',#2831,#2832,#2833);
#2831 = CARTESIAN_POINT('',(22.5,12.990381056767,0.7));
#2832 = DIRECTION('',(0.,0.,-1.));
#2833 = DIRECTION('',(-1.,0.,0.));
#2834 = DEFINITIONAL_REPRESENTATION('',(#2835),#2839);
#2835 = CIRCLE('',#2836,1.75);
#2836 = AXIS2_PLACEMENT_2D('',#2837,#2838);
#2837 = CARTESIAN_POINT('',(0.,0.));
#2838 = DIRECTION('',(1.,0.));
#2839 = ( GEOMETRIC_REPRESENTATION_CONTEXT(2) 
PARAMETRIC_REPRESENTATION_CONTEXT() REPRESENTATION_CONTEXT('2D SPACE',''
  ) );
#2840 = ORIENTED_EDGE('',*,*,#2791,.F.);
#2841 = ORIENTED_EDGE('',*,*,#1746,.T.);
#2842 = ADVANCED_FACE('',(#2843),#1818,.F.);
#2843 = FACE_BOUND('',#2844,.F.);
#2844 = EDGE_LOOP('',(#2845,#2868,#2895,#2896));
#2845 = ORIENTED_EDGE('',*,*,#2846,.T.);
#2846 = EDGE_CURVE('',#1802,#2847,#2849,.T.);
#2847 = VERTEX_POINT('',#2848);
#2848 = CARTESIAN_POINT('',(-1.75,25.980762113533,0.7));
#2849 = SEAM_CURVE('',#2850,(#2854,#2861),.PCURVE_S1.);
#2850 = LINE('',#2851,#2852);
#2851 = CARTESIAN_POINT('',(-1.75,25.980762113533,9.2));
#2852 = VECTOR('',#2853,1.);
#2853 = DIRECTION('',(0.,0.,-1.));
#2854 = PCURVE('',#1818,#2855);
#2855 = DEFINITIONAL_REPRESENTATION('',(#2856),#2860);
#2856 = LINE('',#2857,#2858);
#2857 = CARTESIAN_POINT('',(6.28318530718,-0.));
#2858 = VECTOR('',#2859,1.);
#2859 = DIRECTION('',(0.,1.));
#2860 = ( GEOMETRIC_REPRESENTATION_CONTEXT(2) 
PARAMETRIC_REPRESENTATION_CONTEXT() REPRESENTATION_CONTEXT('2D SPACE',''
  ) );
#2861 = PCURVE('',#1818,#2862);
#2862 = DEFINITIONAL_REPRESENTATION('',(#2863),#2867);
#2863 = LINE('',#2864,#2865);
#2864 = CARTESIAN_POINT('',(0.,-0.));
#2865 = VECTOR('',#2866,1.);
#2866 = DIRECTION('',(0.,1.));
#2867 = ( GEOMETRIC_REPRESENTATION_CONTEXT(2) 
PARAMETRIC_REPRESENTATION_CONTEXT() REPRESENTATION_CONTEXT('2D SPACE',''
  ) );
#2868 = ORIENTED_EDGE('',*,*,#2869,.F.);
#2869 = EDGE_CURVE('',#2847,#2847,#2870,.T.);
#2870 = SURFACE_CURVE('',#2871,(#2876,#2883),.PCURVE_S1.);
#2871 = CIRCLE('',#2872,1.75);
#2872 = AXIS2_PLACEMENT_3D('',#2873,#2874,#2875);
#2873 = CARTESIAN_POINT('',(0.,25.980762113533,0.7));
#2874 = DIRECTION('',(0.,0.,-1.));
#2875 = DIRECTION('',(-1.,0.,0.));
#2876 = PCURVE('',#1818,#2877);
#2877 = DEFINITIONAL_REPRESENTATION('',(#2878),#2882);
#2878 = LINE('',#2879,#2880);
#2879 = CARTESIAN_POINT('',(0.,8.5));
#2880 = VECTOR('',#2881,1.);
#2881 = DIRECTION('',(1.,0.));
#2882 = ( GEOMETRIC_REPRESENTATION_CONTEXT(2) 
PARAMETRIC_REPRESENTATION_CONTEXT() REPRESENTATION_CONTEXT('2D SPACE',''
  ) );
#2883 = PCURVE('',#2884,#2889);
#2884 = PLANE('',#2885);
#2885 = AXIS2_PLACEMENT_3D('',#2886,#2887,#2888);
#2886 = CARTESIAN_POINT('',(0.,25.980762113533,0.7));
#2887 = DIRECTION('',(0.,0.,-1.));
#2888 = DIRECTION('',(-1.,0.,0.));
#2889 = DEFINITIONAL_REPRESENTATION('',(#2890),#2894);
#2890 = CIRCLE('',#2891,1.75);
#2891 = AXIS2_PLACEMENT_2D('',#2892,#2893);
#2892 = CARTESIAN_POINT('',(0.,0.));
#2893 = DIRECTION('',(1.,0.));
#2894 = ( GEOMETRIC_REPRESENTATION_CONTEXT(2) 
PARAMETRIC_REPRESENTATION_CONTEXT() REPRESENTATION_CONTEXT('2D SPACE',''
  ) );
#2895 = ORIENTED_EDGE('',*,*,#2846,.F.);
#2896 = ORIENTED_EDGE('',*,*,#1801,.T.);
#2897 = ADVANCED_FACE('',(#2898),#1873,.F.);
#2898 = FACE_BOUND('',#2899,.F.);
#2899 = EDGE_LOOP('',(#2900,#2923,#2950,#2951));
#2900 = ORIENTED_EDGE('',*,*,#2901,.T.);
#2901 = EDGE_CURVE('',#1857,#2902,#2904,.T.);
#2902 = VERTEX_POINT('',#2903);
#2903 = CARTESIAN_POINT('',(13.25,25.980762113533,0.7));
#2904 = SEAM_CURVE('',#2905,(#2909,#2916),.PCURVE_S1.);
#2905 = LINE('',#2906,#2907);
#2906 = CARTESIAN_POINT('',(13.25,25.980762113533,9.2));
#2907 = VECTOR('',#2908,1.);
#2908 = DIRECTION('',(0.,0.,-1.));
#2909 = PCURVE('',#1873,#2910);
#2910 = DEFINITIONAL_REPRESENTATION('',(#2911),#2915);
#2911 = LINE('',#2912,#2913);
#2912 = CARTESIAN_POINT('',(6.28318530718,-0.));
#2913 = VECTOR('',#2914,1.);
#2914 = DIRECTION('',(0.,1.));
#2915 = ( GEOMETRIC_REPRESENTATION_CONTEXT(2) 
PARAMETRIC_REPRESENTATION_CONTEXT() REPRESENTATION_CONTEXT('2D SPACE',''
  ) );
#2916 = PCURVE('',#1873,#2917);
#2917 = DEFINITIONAL_REPRESENTATION('',(#2918),#2922);
#2918 = LINE('',#2919,#2920);
#2919 = CARTESIAN_POINT('',(0.,-0.));
#2920 = VECTOR('',#2921,1.);
#2921 = DIRECTION('',(0.,1.));
#2922 = ( GEOMETRIC_REPRESENTATION_CONTEXT(2) 
PARAMETRIC_REPRESENTATION_CONTEXT() REPRESENTATION_CONTEXT('2D SPACE',''
  ) );
#2923 = ORIENTED_EDGE('',*,*,#2924,.F.);
#2924 = EDGE_CURVE('',#2902,#2902,#2925,.T.);
#2925 = SURFACE_CURVE('',#2926,(#2931,#2938),.PCURVE_S1.);
#2926 = CIRCLE('',#2927,1.75);
#2927 = AXIS2_PLACEMENT_3D('',#2928,#2929,#2930);
#2928 = CARTESIAN_POINT('',(15.,25.980762113533,0.7));
#2929 = DIRECTION('',(0.,0.,-1.));
#2930 = DIRECTION('',(-1.,0.,0.));
#2931 = PCURVE('',#1873,#2932);
#2932 = DEFINITIONAL_REPRESENTATION('',(#2933),#2937);
#2933 = LINE('',#2934,#2935);
#2934 = CARTESIAN_POINT('',(0.,8.5));
#2935 = VECTOR('',#2936,1.);
#2936 = DIRECTION('',(1.,0.));
#2937 = ( GEOMETRIC_REPRESENTATION_CONTEXT(2) 
PARAMETRIC_REPRESENTATION_CONTEXT() REPRESENTATION_CONTEXT('2D SPACE',''
  ) );
#2938 = PCURVE('',#2939,#2944);
#2939 = PLANE('',#2940);
#2940 = AXIS2_PLACEMENT_3D('',#2941,#2942,#2943);
#2941 = CARTESIAN_POINT('',(15.,25.980762113533,0.7));
#2942 = DIRECTION('',(0.,0.,-1.));
#2943 = DIRECTION('',(-1.,0.,0.));
#2944 = DEFINITIONAL_REPRESENTATION('',(#2945),#2949);
#2945 = CIRCLE('',#2946,1.75);
#2946 = AXIS2_PLACEMENT_2D('',#2947,#2948);
#2947 = CARTESIAN_POINT('',(0.,0.));
#2948 = DIRECTION('',(1.,0.));
#2949 = ( GEOMETRIC_REPRESENTATION_CONTEXT(2) 
PARAMETRIC_REPRESENTATION_CONTEXT() REPRESENTATION_CONTEXT('2D SPACE',''
  ) );
#2950 = ORIENTED_EDGE('',*,*,#2901,.F.);
#2951 = ORIENTED_EDGE('',*,*,#1856,.T.);
#2952 = ADVANCED_FACE('',(#2953),#1949,.F.);
#2953 = FACE_BOUND('',#2954,.F.);
#2954 = EDGE_LOOP('',(#2955));
#2955 = ORIENTED_EDGE('',*,*,#1934,.T.);
#2956 = ADVANCED_FACE('',(#2957),#2004,.F.);
#2957 = FACE_BOUND('',#2958,.F.);
#2958 = EDGE_LOOP('',(#2959));
#2959 = ORIENTED_EDGE('',*,*,#1989,.T.);
#2960 = ADVANCED_FACE('',(#2961),#2059,.F.);
#2961 = FACE_BOUND('',#2962,.F.);
#2962 = EDGE_LOOP('',(#2963));
#2963 = ORIENTED_EDGE('',*,*,#2044,.T.);
#2964 = ADVANCED_FACE('',(#2965),#2114,.F.);
#2965 = FACE_BOUND('',#2966,.F.);
#2966 = EDGE_LOOP('',(#2967));
#2967 = ORIENTED_EDGE('',*,*,#2099,.T.);
#2968 = ADVANCED_FACE('',(#2969),#2169,.F.);
#2969 = FACE_BOUND('',#2970,.F.);
#2970 = EDGE_LOOP('',(#2971));
#2971 = ORIENTED_EDGE('',*,*,#2154,.T.);
#2972 = ADVANCED_FACE('',(#2973),#2224,.F.);
#2973 = FACE_BOUND('',#2974,.F.);
#2974 = EDGE_LOOP('',(#2975));
#2975 = ORIENTED_EDGE('',*,*,#2209,.T.);
#2976 = ADVANCED_FACE('',(#2977),#2279,.F.);
#2977 = FACE_BOUND('',#2978,.F.);
#2978 = EDGE_LOOP('',(#2979));
#2979 = ORIENTED_EDGE('',*,*,#2264,.T.);
#2980 = ADVANCED_FACE('',(#2981),#2334,.F.);
#2981 = FACE_BOUND('',#2982,.F.);
#2982 = EDGE_LOOP('',(#2983));
#2983 = ORIENTED_EDGE('',*,*,#2319,.T.);
#2984 = ADVANCED_FACE('',(#2985),#2389,.F.);
#2985 = FACE_BOUND('',#2986,.F.);
#2986 = EDGE_LOOP('',(#2987));
#2987 = ORIENTED_EDGE('',*,*,#2374,.T.);
#2988 = ADVANCED_FACE('',(#2989),#2444,.F.);
#2989 = FACE_BOUND('',#2990,.F.);
#2990 = EDGE_LOOP('',(#2991));
#2991 = ORIENTED_EDGE('',*,*,#2429,.T.);
#2992 = ADVANCED_FACE('',(#2993),#2499,.F.);
#2993 = FACE_BOUND('',#2994,.F.);
#2994 = EDGE_LOOP('',(#2995));
#2995 = ORIENTED_EDGE('',*,*,#2484,.T.);
#2996 = ADVANCED_FACE('',(#2997),#2554,.F.);
#2997 = FACE_BOUND('',#2998,.F.);
#2998 = EDGE_LOOP('',(#2999));
#2999 = ORIENTED_EDGE('',*,*,#2539,.T.);
#3000 = ADVANCED_FACE('',(#3001),#2609,.F.);
#3001 = FACE_BOUND('',#3002,.F.);
#3002 = EDGE_LOOP('',(#3003));
#3003 = ORIENTED_EDGE('',*,*,#2594,.T.);
#3004 = ADVANCED_FACE('',(#3005),#2664,.F.);
#3005 = FACE_BOUND('',#3006,.F.);
#3006 = EDGE_LOOP('',(#3007));
#3007 = ORIENTED_EDGE('',*,*,#2649,.T.);
#3008 = ADVANCED_FACE('',(#3009),#2719,.F.);
#3009 = FACE_BOUND('',#3010,.F.);
#3010 = EDGE_LOOP('',(#3011));
#3011 = ORIENTED_EDGE('',*,*,#2704,.T.);
#3012 = ADVANCED_FACE('',(#3013),#2774,.F.);
#3013 = FACE_BOUND('',#3014,.F.);
#3014 = EDGE_LOOP('',(#3015));
#3015 = ORIENTED_EDGE('',*,*,#2759,.T.);
#3016 = ADVANCED_FACE('',(#3017),#2829,.F.);
#3017 = FACE_BOUND('',#3018,.F.);
#3018 = EDGE_LOOP('',(#3019));
#3019 = ORIENTED_EDGE('',*,*,#2814,.T.);
#3020 = ADVANCED_FACE('',(#3021),#2884,.F.);
#3021 = FACE_BOUND('',#3022,.F.);
#3022 = EDGE_LOOP('',(#3023));
#3023 = ORIENTED_EDGE('',*,*,#2869,.T.);
#3024 = ADVANCED_FACE('',(#3025),#2939,.F.);
#3025 = FACE_BOUND('',#3026,.F.);
#3026 = EDGE_LOOP('',(#3027));
#3027 = ORIENTED_EDGE('',*,*,#2924,.T.);
#3028 = ( GEOMETRIC_REPRESENTATION_CONTEXT(3) 
GLOBAL_UNCERTAINTY_ASSIGNED_CONTEXT((#3032)) 
GLOBAL_UNIT_ASSIGNED_CONTEXT((#3029,#3030,#3031)) REPRESENTATION_CONTEXT
('Context #1','3D Context with UNIT and UNCERTAINTY') );
#3029 = ( LENGTH_UNIT() NAMED_UNIT(*) SI_UNIT(.MILLI.,.METRE.) );
#3030 = ( NAMED_UNIT(*) PLANE_ANGLE_UNIT() SI_UNIT($,.RADIAN.) );
#3031 = ( NAMED_UNIT(*) SI_UNIT($,.STERADIAN.) SOLID_ANGLE_UNIT() );
#3032 = UNCERTAINTY_MEASURE_WITH_UNIT(LENGTH_MEASURE(1.E-07),#3029,
  'distance_accuracy_value','confusion accuracy');
#3033 = PRODUCT_RELATED_PRODUCT_CATEGORY('part',$,(#7));
ENDSEC;
END-ISO-10303-21;
